model_type,clf,parameters,auc-roc,p_at_5,p_at_10,p_at_20
RF,"RandomForestClassifier(bootstrap=True, class_weight=None, criterion='gini',            max_depth=50, max_features='log2', max_leaf_nodes=None,            min_impurity_split=1e-07, min_samples_leaf=1,            min_samples_split=10, min_weight_fraction_leaf=0.0,            n_estimators=100, n_jobs=-1, oob_score=False,            random_state=None, verbose=0, warm_start=False)","{'max_depth': 5, 'max_features': 'sqrt', 'min_samples_split': 2, 'n_estimators': 10}",0.824680045,0.4464,0.327733333,0.221866667
RF,"RandomForestClassifier(bootstrap=True, class_weight=None, criterion='gini',            max_depth=50, max_features='log2', max_leaf_nodes=None,            min_impurity_split=1e-07, min_samples_leaf=1,            min_samples_split=10, min_weight_fraction_leaf=0.0,            n_estimators=100, n_jobs=-1, oob_score=False,            random_state=None, verbose=0, warm_start=False)","{'max_depth': 5, 'max_features': 'sqrt', 'min_samples_split': 2, 'n_estimators': 100}",0.826288976,0.451733333,0.322933333,0.2216
RF,"RandomForestClassifier(bootstrap=True, class_weight=None, criterion='gini',            max_depth=50, max_features='log2', max_leaf_nodes=None,            min_impurity_split=1e-07, min_samples_leaf=1,            min_samples_split=10, min_weight_fraction_leaf=0.0,            n_estimators=100, n_jobs=-1, oob_score=False,            random_state=None, verbose=0, warm_start=False)","{'max_depth': 5, 'max_features': 'sqrt', 'min_samples_split': 10, 'n_estimators': 10}",0.824688166,0.437866667,0.321333333,0.222933333
RF,"RandomForestClassifier(bootstrap=True, class_weight=None, criterion='gini',            max_depth=50, max_features='log2', max_leaf_nodes=None,            min_impurity_split=1e-07, min_samples_leaf=1,            min_samples_split=10, min_weight_fraction_leaf=0.0,            n_estimators=100, n_jobs=-1, oob_score=False,            random_state=None, verbose=0, warm_start=False)","{'max_depth': 5, 'max_features': 'sqrt', 'min_samples_split': 10, 'n_estimators': 100}",0.826658292,0.444266667,0.3224,0.2208
RF,"RandomForestClassifier(bootstrap=True, class_weight=None, criterion='gini',            max_depth=50, max_features='log2', max_leaf_nodes=None,            min_impurity_split=1e-07, min_samples_leaf=1,            min_samples_split=10, min_weight_fraction_leaf=0.0,            n_estimators=100, n_jobs=-1, oob_score=False,            random_state=None, verbose=0, warm_start=False)","{'max_depth': 5, 'max_features': 'log2', 'min_samples_split': 2, 'n_estimators': 10}",0.823545064,0.4416,0.3248,0.221066667
RF,"RandomForestClassifier(bootstrap=True, class_weight=None, criterion='gini',            max_depth=50, max_features='log2', max_leaf_nodes=None,            min_impurity_split=1e-07, min_samples_leaf=1,            min_samples_split=10, min_weight_fraction_leaf=0.0,            n_estimators=100, n_jobs=-1, oob_score=False,            random_state=None, verbose=0, warm_start=False)","{'max_depth': 5, 'max_features': 'log2', 'min_samples_split': 2, 'n_estimators': 100}",0.827220812,0.4448,0.322666667,0.222133333
RF,"RandomForestClassifier(bootstrap=True, class_weight=None, criterion='gini',            max_depth=50, max_features='log2', max_leaf_nodes=None,            min_impurity_split=1e-07, min_samples_leaf=1,            min_samples_split=10, min_weight_fraction_leaf=0.0,            n_estimators=100, n_jobs=-1, oob_score=False,            random_state=None, verbose=0, warm_start=False)","{'max_depth': 5, 'max_features': 'log2', 'min_samples_split': 10, 'n_estimators': 10}",0.823825513,0.444266667,0.327466667,0.221733333
RF,"RandomForestClassifier(bootstrap=True, class_weight=None, criterion='gini',            max_depth=50, max_features='log2', max_leaf_nodes=None,            min_impurity_split=1e-07, min_samples_leaf=1,            min_samples_split=10, min_weight_fraction_leaf=0.0,            n_estimators=100, n_jobs=-1, oob_score=False,            random_state=None, verbose=0, warm_start=False)","{'max_depth': 5, 'max_features': 'log2', 'min_samples_split': 10, 'n_estimators': 100}",0.826550238,0.445866667,0.3224,0.221733333
RF,"RandomForestClassifier(bootstrap=True, class_weight=None, criterion='gini',            max_depth=50, max_features='log2', max_leaf_nodes=None,            min_impurity_split=1e-07, min_samples_leaf=1,            min_samples_split=10, min_weight_fraction_leaf=0.0,            n_estimators=100, n_jobs=-1, oob_score=False,            random_state=None, verbose=0, warm_start=False)","{'max_depth': 50, 'max_features': 'sqrt', 'min_samples_split': 2, 'n_estimators': 10}",0.727133939,0.373333333,0.321066667,0.221066667
RF,"RandomForestClassifier(bootstrap=True, class_weight=None, criterion='gini',            max_depth=50, max_features='log2', max_leaf_nodes=None,            min_impurity_split=1e-07, min_samples_leaf=1,            min_samples_split=10, min_weight_fraction_leaf=0.0,            n_estimators=100, n_jobs=-1, oob_score=False,            random_state=None, verbose=0, warm_start=False)","{'max_depth': 50, 'max_features': 'sqrt', 'min_samples_split': 2, 'n_estimators': 100}",0.776635063,0.3824,0.288533333,0.204266667
RF,"RandomForestClassifier(bootstrap=True, class_weight=None, criterion='gini',            max_depth=50, max_features='log2', max_leaf_nodes=None,            min_impurity_split=1e-07, min_samples_leaf=1,            min_samples_split=10, min_weight_fraction_leaf=0.0,            n_estimators=100, n_jobs=-1, oob_score=False,            random_state=None, verbose=0, warm_start=False)","{'max_depth': 50, 'max_features': 'sqrt', 'min_samples_split': 10, 'n_estimators': 10}",0.76989636,0.386133333,0.2808,0.1928
RF,"RandomForestClassifier(bootstrap=True, class_weight=None, criterion='gini',            max_depth=50, max_features='log2', max_leaf_nodes=None,            min_impurity_split=1e-07, min_samples_leaf=1,            min_samples_split=10, min_weight_fraction_leaf=0.0,            n_estimators=100, n_jobs=-1, oob_score=False,            random_state=None, verbose=0, warm_start=False)","{'max_depth': 50, 'max_features': 'sqrt', 'min_samples_split': 10, 'n_estimators': 100}",0.794748309,0.413333333,0.3016,0.2048
RF,"RandomForestClassifier(bootstrap=True, class_weight=None, criterion='gini',            max_depth=50, max_features='log2', max_leaf_nodes=None,            min_impurity_split=1e-07, min_samples_leaf=1,            min_samples_split=10, min_weight_fraction_leaf=0.0,            n_estimators=100, n_jobs=-1, oob_score=False,            random_state=None, verbose=0, warm_start=False)","{'max_depth': 50, 'max_features': 'log2', 'min_samples_split': 2, 'n_estimators': 10}",0.725733758,0.379733333,0.324,0.2208
RF,"RandomForestClassifier(bootstrap=True, class_weight=None, criterion='gini',            max_depth=50, max_features='log2', max_leaf_nodes=None,            min_impurity_split=1e-07, min_samples_leaf=1,            min_samples_split=10, min_weight_fraction_leaf=0.0,            n_estimators=100, n_jobs=-1, oob_score=False,            random_state=None, verbose=0, warm_start=False)","{'max_depth': 50, 'max_features': 'log2', 'min_samples_split': 2, 'n_estimators': 100}",0.774379114,0.381866667,0.287733333,0.2048
RF,"RandomForestClassifier(bootstrap=True, class_weight=None, criterion='gini',            max_depth=50, max_features='log2', max_leaf_nodes=None,            min_impurity_split=1e-07, min_samples_leaf=1,            min_samples_split=10, min_weight_fraction_leaf=0.0,            n_estimators=100, n_jobs=-1, oob_score=False,            random_state=None, verbose=0, warm_start=False)","{'max_depth': 50, 'max_features': 'log2', 'min_samples_split': 10, 'n_estimators': 10}",0.770920159,0.393066667,0.281333333,0.196933333
RF,"RandomForestClassifier(bootstrap=True, class_weight=None, criterion='gini',            max_depth=50, max_features='log2', max_leaf_nodes=None,            min_impurity_split=1e-07, min_samples_leaf=1,            min_samples_split=10, min_weight_fraction_leaf=0.0,            n_estimators=100, n_jobs=-1, oob_score=False,            random_state=None, verbose=0, warm_start=False)","{'max_depth': 50, 'max_features': 'log2', 'min_samples_split': 10, 'n_estimators': 100}",0.797249879,0.416,0.3016,0.207066667
DT,"DecisionTreeClassifier(class_weight=None, criterion='entropy', max_depth=100,            max_features='log2', max_leaf_nodes=None,            min_impurity_split=1e-07, min_samples_leaf=1,            min_samples_split=10, min_weight_fraction_leaf=0.0,            presort=False, random_state=None, splitter='best')","{'max_depth': 1, 'max_features': 'sqrt', 'criterion': 'gini', 'min_samples_split': 2}",0.699723088,0.759466667,0.379733333,0.256
DT,"DecisionTreeClassifier(class_weight=None, criterion='entropy', max_depth=100,            max_features='log2', max_leaf_nodes=None,            min_impurity_split=1e-07, min_samples_leaf=1,            min_samples_split=10, min_weight_fraction_leaf=0.0,            presort=False, random_state=None, splitter='best')","{'max_depth': 1, 'max_features': 'sqrt', 'criterion': 'gini', 'min_samples_split': 5}",0.603951539,1,0.529066667,0.264533333
DT,"DecisionTreeClassifier(class_weight=None, criterion='entropy', max_depth=100,            max_features='log2', max_leaf_nodes=None,            min_impurity_split=1e-07, min_samples_leaf=1,            min_samples_split=10, min_weight_fraction_leaf=0.0,            presort=False, random_state=None, splitter='best')","{'max_depth': 1, 'max_features': 'sqrt', 'criterion': 'gini', 'min_samples_split': 10}",0.653222717,0.464,0.672533333,0.3396
DT,"DecisionTreeClassifier(class_weight=None, criterion='entropy', max_depth=100,            max_features='log2', max_leaf_nodes=None,            min_impurity_split=1e-07, min_samples_leaf=1,            min_samples_split=10, min_weight_fraction_leaf=0.0,            presort=False, random_state=None, splitter='best')","{'max_depth': 1, 'max_features': 'log2', 'criterion': 'gini', 'min_samples_split': 2}",0.699723088,0.759466667,0.379733333,0.256
DT,"DecisionTreeClassifier(class_weight=None, criterion='entropy', max_depth=100,            max_features='log2', max_leaf_nodes=None,            min_impurity_split=1e-07, min_samples_leaf=1,            min_samples_split=10, min_weight_fraction_leaf=0.0,            presort=False, random_state=None, splitter='best')","{'max_depth': 1, 'max_features': 'log2', 'criterion': 'gini', 'min_samples_split': 5}",0.653222717,0.464,0.672533333,0.3396
DT,"DecisionTreeClassifier(class_weight=None, criterion='entropy', max_depth=100,            max_features='log2', max_leaf_nodes=None,            min_impurity_split=1e-07, min_samples_leaf=1,            min_samples_split=10, min_weight_fraction_leaf=0.0,            presort=False, random_state=None, splitter='best')","{'max_depth': 1, 'max_features': 'log2', 'criterion': 'gini', 'min_samples_split': 10}",0.653222717,0.464,0.672533333,0.3396
DT,"DecisionTreeClassifier(class_weight=None, criterion='entropy', max_depth=100,            max_features='log2', max_leaf_nodes=None,            min_impurity_split=1e-07, min_samples_leaf=1,            min_samples_split=10, min_weight_fraction_leaf=0.0,            presort=False, random_state=None, splitter='best')","{'max_depth': 5, 'max_features': 'sqrt', 'criterion': 'gini', 'min_samples_split': 2}",0.804225931,0.437333333,0.329866667,0.228266667
DT,"DecisionTreeClassifier(class_weight=None, criterion='entropy', max_depth=100,            max_features='log2', max_leaf_nodes=None,            min_impurity_split=1e-07, min_samples_leaf=1,            min_samples_split=10, min_weight_fraction_leaf=0.0,            presort=False, random_state=None, splitter='best')","{'max_depth': 5, 'max_features': 'sqrt', 'criterion': 'gini', 'min_samples_split': 5}",0.809154047,0.4416,0.330133333,0.2188
DT,"DecisionTreeClassifier(class_weight=None, criterion='entropy', max_depth=100,            max_features='log2', max_leaf_nodes=None,            min_impurity_split=1e-07, min_samples_leaf=1,            min_samples_split=10, min_weight_fraction_leaf=0.0,            presort=False, random_state=None, splitter='best')","{'max_depth': 5, 'max_features': 'sqrt', 'criterion': 'gini', 'min_samples_split': 10}",0.799909539,0.469333333,0.400533333,0.232266667
DT,"DecisionTreeClassifier(class_weight=None, criterion='entropy', max_depth=100,            max_features='log2', max_leaf_nodes=None,            min_impurity_split=1e-07, min_samples_leaf=1,            min_samples_split=10, min_weight_fraction_leaf=0.0,            presort=False, random_state=None, splitter='best')","{'max_depth': 5, 'max_features': 'log2', 'criterion': 'gini', 'min_samples_split': 2}",0.812510818,0.456533333,0.351733333,0.218933333
DT,"DecisionTreeClassifier(class_weight=None, criterion='entropy', max_depth=100,            max_features='log2', max_leaf_nodes=None,            min_impurity_split=1e-07, min_samples_leaf=1,            min_samples_split=10, min_weight_fraction_leaf=0.0,            presort=False, random_state=None, splitter='best')","{'max_depth': 5, 'max_features': 'log2', 'criterion': 'gini', 'min_samples_split': 5}",0.811064212,0.450133333,0.326133333,0.2236
DT,"DecisionTreeClassifier(class_weight=None, criterion='entropy', max_depth=100,            max_features='log2', max_leaf_nodes=None,            min_impurity_split=1e-07, min_samples_leaf=1,            min_samples_split=10, min_weight_fraction_leaf=0.0,            presort=False, random_state=None, splitter='best')","{'max_depth': 5, 'max_features': 'log2', 'criterion': 'gini', 'min_samples_split': 10}",0.788098727,0.4304,0.312266667,0.213466667
DT,"DecisionTreeClassifier(class_weight=None, criterion='entropy', max_depth=100,            max_features='log2', max_leaf_nodes=None,            min_impurity_split=1e-07, min_samples_leaf=1,            min_samples_split=10, min_weight_fraction_leaf=0.0,            presort=False, random_state=None, splitter='best')","{'max_depth': 10, 'max_features': 'sqrt', 'criterion': 'gini', 'min_samples_split': 2}",0.797661712,0.428266667,0.300266667,0.218
DT,"DecisionTreeClassifier(class_weight=None, criterion='entropy', max_depth=100,            max_features='log2', max_leaf_nodes=None,            min_impurity_split=1e-07, min_samples_leaf=1,            min_samples_split=10, min_weight_fraction_leaf=0.0,            presort=False, random_state=None, splitter='best')","{'max_depth': 10, 'max_features': 'sqrt', 'criterion': 'gini', 'min_samples_split': 5}",0.795900308,0.418666667,0.308266667,0.2172
DT,"DecisionTreeClassifier(class_weight=None, criterion='entropy', max_depth=100,            max_features='log2', max_leaf_nodes=None,            min_impurity_split=1e-07, min_samples_leaf=1,            min_samples_split=10, min_weight_fraction_leaf=0.0,            presort=False, random_state=None, splitter='best')","{'max_depth': 10, 'max_features': 'sqrt', 'criterion': 'gini', 'min_samples_split': 10}",0.799299735,0.434666667,0.311733333,0.215733333
DT,"DecisionTreeClassifier(class_weight=None, criterion='entropy', max_depth=100,            max_features='log2', max_leaf_nodes=None,            min_impurity_split=1e-07, min_samples_leaf=1,            min_samples_split=10, min_weight_fraction_leaf=0.0,            presort=False, random_state=None, splitter='best')","{'max_depth': 10, 'max_features': 'log2', 'criterion': 'gini', 'min_samples_split': 2}",0.801144188,0.436266667,0.3104,0.216533333
DT,"DecisionTreeClassifier(class_weight=None, criterion='entropy', max_depth=100,            max_features='log2', max_leaf_nodes=None,            min_impurity_split=1e-07, min_samples_leaf=1,            min_samples_split=10, min_weight_fraction_leaf=0.0,            presort=False, random_state=None, splitter='best')","{'max_depth': 10, 'max_features': 'log2', 'criterion': 'gini', 'min_samples_split': 5}",0.79840869,0.429866667,0.317333333,0.216666667
DT,"DecisionTreeClassifier(class_weight=None, criterion='entropy', max_depth=100,            max_features='log2', max_leaf_nodes=None,            min_impurity_split=1e-07, min_samples_leaf=1,            min_samples_split=10, min_weight_fraction_leaf=0.0,            presort=False, random_state=None, splitter='best')","{'max_depth': 10, 'max_features': 'log2', 'criterion': 'gini', 'min_samples_split': 10}",0.804255776,0.4256,0.310933333,0.217066667
DT,"DecisionTreeClassifier(class_weight=None, criterion='entropy', max_depth=100,            max_features='log2', max_leaf_nodes=None,            min_impurity_split=1e-07, min_samples_leaf=1,            min_samples_split=10, min_weight_fraction_leaf=0.0,            presort=False, random_state=None, splitter='best')","{'max_depth': 20, 'max_features': 'sqrt', 'criterion': 'gini', 'min_samples_split': 2}",0.635626414,0.312533333,0.2408,0.162933333
DT,"DecisionTreeClassifier(class_weight=None, criterion='entropy', max_depth=100,            max_features='log2', max_leaf_nodes=None,            min_impurity_split=1e-07, min_samples_leaf=1,            min_samples_split=10, min_weight_fraction_leaf=0.0,            presort=False, random_state=None, splitter='best')","{'max_depth': 20, 'max_features': 'sqrt', 'criterion': 'gini', 'min_samples_split': 5}",0.656286583,0.2912,0.245866667,0.177066667
DT,"DecisionTreeClassifier(class_weight=None, criterion='entropy', max_depth=100,            max_features='log2', max_leaf_nodes=None,            min_impurity_split=1e-07, min_samples_leaf=1,            min_samples_split=10, min_weight_fraction_leaf=0.0,            presort=False, random_state=None, splitter='best')","{'max_depth': 20, 'max_features': 'sqrt', 'criterion': 'gini', 'min_samples_split': 10}",0.68034501,0.3312,0.256533333,0.181066667
DT,"DecisionTreeClassifier(class_weight=None, criterion='entropy', max_depth=100,            max_features='log2', max_leaf_nodes=None,            min_impurity_split=1e-07, min_samples_leaf=1,            min_samples_split=10, min_weight_fraction_leaf=0.0,            presort=False, random_state=None, splitter='best')","{'max_depth': 20, 'max_features': 'log2', 'criterion': 'gini', 'min_samples_split': 2}",0.620197445,0.298666667,0.2224,0.149333333
DT,"DecisionTreeClassifier(class_weight=None, criterion='entropy', max_depth=100,            max_features='log2', max_leaf_nodes=None,            min_impurity_split=1e-07, min_samples_leaf=1,            min_samples_split=10, min_weight_fraction_leaf=0.0,            presort=False, random_state=None, splitter='best')","{'max_depth': 20, 'max_features': 'log2', 'criterion': 'gini', 'min_samples_split': 5}",0.657288607,0.292266667,0.2472,0.171333333
DT,"DecisionTreeClassifier(class_weight=None, criterion='entropy', max_depth=100,            max_features='log2', max_leaf_nodes=None,            min_impurity_split=1e-07, min_samples_leaf=1,            min_samples_split=10, min_weight_fraction_leaf=0.0,            presort=False, random_state=None, splitter='best')","{'max_depth': 20, 'max_features': 'log2', 'criterion': 'gini', 'min_samples_split': 10}",0.676795215,0.307733333,0.257333333,0.181466667
DT,"DecisionTreeClassifier(class_weight=None, criterion='entropy', max_depth=100,            max_features='log2', max_leaf_nodes=None,            min_impurity_split=1e-07, min_samples_leaf=1,            min_samples_split=10, min_weight_fraction_leaf=0.0,            presort=False, random_state=None, splitter='best')","{'max_depth': 50, 'max_features': 'sqrt', 'criterion': 'gini', 'min_samples_split': 2}",0.591216787,0.300266667,0.410933333,0.3396
DT,"DecisionTreeClassifier(class_weight=None, criterion='entropy', max_depth=100,            max_features='log2', max_leaf_nodes=None,            min_impurity_split=1e-07, min_samples_leaf=1,            min_samples_split=10, min_weight_fraction_leaf=0.0,            presort=False, random_state=None, splitter='best')","{'max_depth': 50, 'max_features': 'sqrt', 'criterion': 'gini', 'min_samples_split': 5}",0.614914081,0.258666667,0.210933333,0.3396
DT,"DecisionTreeClassifier(class_weight=None, criterion='entropy', max_depth=100,            max_features='log2', max_leaf_nodes=None,            min_impurity_split=1e-07, min_samples_leaf=1,            min_samples_split=10, min_weight_fraction_leaf=0.0,            presort=False, random_state=None, splitter='best')","{'max_depth': 50, 'max_features': 'sqrt', 'criterion': 'gini', 'min_samples_split': 10}",0.645906566,0.307733333,0.217333333,0.3396
DT,"DecisionTreeClassifier(class_weight=None, criterion='entropy', max_depth=100,            max_features='log2', max_leaf_nodes=None,            min_impurity_split=1e-07, min_samples_leaf=1,            min_samples_split=10, min_weight_fraction_leaf=0.0,            presort=False, random_state=None, splitter='best')","{'max_depth': 50, 'max_features': 'log2', 'criterion': 'gini', 'min_samples_split': 2}",0.591046481,0.3008,0.404,0.3396
DT,"DecisionTreeClassifier(class_weight=None, criterion='entropy', max_depth=100,            max_features='log2', max_leaf_nodes=None,            min_impurity_split=1e-07, min_samples_leaf=1,            min_samples_split=10, min_weight_fraction_leaf=0.0,            presort=False, random_state=None, splitter='best')","{'max_depth': 50, 'max_features': 'log2', 'criterion': 'gini', 'min_samples_split': 5}",0.624848039,0.281066667,0.222133333,0.3396
DT,"DecisionTreeClassifier(class_weight=None, criterion='entropy', max_depth=100,            max_features='log2', max_leaf_nodes=None,            min_impurity_split=1e-07, min_samples_leaf=1,            min_samples_split=10, min_weight_fraction_leaf=0.0,            presort=False, random_state=None, splitter='best')","{'max_depth': 50, 'max_features': 'log2', 'criterion': 'gini', 'min_samples_split': 10}",0.652234582,0.314666667,0.2256,0.3396
DT,"DecisionTreeClassifier(class_weight=None, criterion='entropy', max_depth=100,            max_features='log2', max_leaf_nodes=None,            min_impurity_split=1e-07, min_samples_leaf=1,            min_samples_split=10, min_weight_fraction_leaf=0.0,            presort=False, random_state=None, splitter='best')","{'max_depth': 100, 'max_features': 'sqrt', 'criterion': 'gini', 'min_samples_split': 2}",0.593657453,0.3072,0.412533333,0.3396
DT,"DecisionTreeClassifier(class_weight=None, criterion='entropy', max_depth=100,            max_features='log2', max_leaf_nodes=None,            min_impurity_split=1e-07, min_samples_leaf=1,            min_samples_split=10, min_weight_fraction_leaf=0.0,            presort=False, random_state=None, splitter='best')","{'max_depth': 100, 'max_features': 'sqrt', 'criterion': 'gini', 'min_samples_split': 5}",0.616942476,0.270933333,0.210933333,0.3396
DT,"DecisionTreeClassifier(class_weight=None, criterion='entropy', max_depth=100,            max_features='log2', max_leaf_nodes=None,            min_impurity_split=1e-07, min_samples_leaf=1,            min_samples_split=10, min_weight_fraction_leaf=0.0,            presort=False, random_state=None, splitter='best')","{'max_depth': 100, 'max_features': 'sqrt', 'criterion': 'gini', 'min_samples_split': 10}",0.652320631,0.290666667,0.2344,0.3396
DT,"DecisionTreeClassifier(class_weight=None, criterion='entropy', max_depth=100,            max_features='log2', max_leaf_nodes=None,            min_impurity_split=1e-07, min_samples_leaf=1,            min_samples_split=10, min_weight_fraction_leaf=0.0,            presort=False, random_state=None, splitter='best')","{'max_depth': 100, 'max_features': 'log2', 'criterion': 'gini', 'min_samples_split': 2}",0.589666643,0.2944,0.415733333,0.3396
DT,"DecisionTreeClassifier(class_weight=None, criterion='entropy', max_depth=100,            max_features='log2', max_leaf_nodes=None,            min_impurity_split=1e-07, min_samples_leaf=1,            min_samples_split=10, min_weight_fraction_leaf=0.0,            presort=False, random_state=None, splitter='best')","{'max_depth': 100, 'max_features': 'log2', 'criterion': 'gini', 'min_samples_split': 5}",0.610373764,0.256,0.203466667,0.3396
DT,"DecisionTreeClassifier(class_weight=None, criterion='entropy', max_depth=100,            max_features='log2', max_leaf_nodes=None,            min_impurity_split=1e-07, min_samples_leaf=1,            min_samples_split=10, min_weight_fraction_leaf=0.0,            presort=False, random_state=None, splitter='best')","{'max_depth': 100, 'max_features': 'log2', 'criterion': 'gini', 'min_samples_split': 10}",0.657506118,0.3152,0.232266667,0.3396
DT,"DecisionTreeClassifier(class_weight=None, criterion='entropy', max_depth=100,            max_features='log2', max_leaf_nodes=None,            min_impurity_split=1e-07, min_samples_leaf=1,            min_samples_split=10, min_weight_fraction_leaf=0.0,            presort=False, random_state=None, splitter='best')","{'max_depth': 1, 'max_features': 'sqrt', 'criterion': 'entropy', 'min_samples_split': 2}",0.603951539,1,0.529066667,0.264533333
DT,"DecisionTreeClassifier(class_weight=None, criterion='entropy', max_depth=100,            max_features='log2', max_leaf_nodes=None,            min_impurity_split=1e-07, min_samples_leaf=1,            min_samples_split=10, min_weight_fraction_leaf=0.0,            presort=False, random_state=None, splitter='best')","{'max_depth': 1, 'max_features': 'sqrt', 'criterion': 'entropy', 'min_samples_split': 5}",0.653222717,0.464,0.672533333,0.3396
DT,"DecisionTreeClassifier(class_weight=None, criterion='entropy', max_depth=100,            max_features='log2', max_leaf_nodes=None,            min_impurity_split=1e-07, min_samples_leaf=1,            min_samples_split=10, min_weight_fraction_leaf=0.0,            presort=False, random_state=None, splitter='best')","{'max_depth': 1, 'max_features': 'sqrt', 'criterion': 'entropy', 'min_samples_split': 10}",0.653222717,0.464,0.672533333,0.3396
DT,"DecisionTreeClassifier(class_weight=None, criterion='entropy', max_depth=100,            max_features='log2', max_leaf_nodes=None,            min_impurity_split=1e-07, min_samples_leaf=1,            min_samples_split=10, min_weight_fraction_leaf=0.0,            presort=False, random_state=None, splitter='best')","{'max_depth': 1, 'max_features': 'log2', 'criterion': 'entropy', 'min_samples_split': 2}",0.653222717,0.464,0.672533333,0.3396
DT,"DecisionTreeClassifier(class_weight=None, criterion='entropy', max_depth=100,            max_features='log2', max_leaf_nodes=None,            min_impurity_split=1e-07, min_samples_leaf=1,            min_samples_split=10, min_weight_fraction_leaf=0.0,            presort=False, random_state=None, splitter='best')","{'max_depth': 1, 'max_features': 'log2', 'criterion': 'entropy', 'min_samples_split': 5}",0.544688127,0.7072,0.3536,0.1768
DT,"DecisionTreeClassifier(class_weight=None, criterion='entropy', max_depth=100,            max_features='log2', max_leaf_nodes=None,            min_impurity_split=1e-07, min_samples_leaf=1,            min_samples_split=10, min_weight_fraction_leaf=0.0,            presort=False, random_state=None, splitter='best')","{'max_depth': 1, 'max_features': 'log2', 'criterion': 'entropy', 'min_samples_split': 10}",0.726653968,0.950933333,0.475466667,0.237733333
DT,"DecisionTreeClassifier(class_weight=None, criterion='entropy', max_depth=100,            max_features='log2', max_leaf_nodes=None,            min_impurity_split=1e-07, min_samples_leaf=1,            min_samples_split=10, min_weight_fraction_leaf=0.0,            presort=False, random_state=None, splitter='best')","{'max_depth': 5, 'max_features': 'sqrt', 'criterion': 'entropy', 'min_samples_split': 2}",0.809590468,0.4688,0.395733333,0.240266667
DT,"DecisionTreeClassifier(class_weight=None, criterion='entropy', max_depth=100,            max_features='log2', max_leaf_nodes=None,            min_impurity_split=1e-07, min_samples_leaf=1,            min_samples_split=10, min_weight_fraction_leaf=0.0,            presort=False, random_state=None, splitter='best')","{'max_depth': 5, 'max_features': 'sqrt', 'criterion': 'entropy', 'min_samples_split': 5}",0.7748266,0.419733333,0.3392,0.268533333
DT,"DecisionTreeClassifier(class_weight=None, criterion='entropy', max_depth=100,            max_features='log2', max_leaf_nodes=None,            min_impurity_split=1e-07, min_samples_leaf=1,            min_samples_split=10, min_weight_fraction_leaf=0.0,            presort=False, random_state=None, splitter='best')","{'max_depth': 5, 'max_features': 'sqrt', 'criterion': 'entropy', 'min_samples_split': 10}",0.789669955,0.434133333,0.312,0.222133333
DT,"DecisionTreeClassifier(class_weight=None, criterion='entropy', max_depth=100,            max_features='log2', max_leaf_nodes=None,            min_impurity_split=1e-07, min_samples_leaf=1,            min_samples_split=10, min_weight_fraction_leaf=0.0,            presort=False, random_state=None, splitter='best')","{'max_depth': 5, 'max_features': 'log2', 'criterion': 'entropy', 'min_samples_split': 2}",0.802801229,0.4496,0.338133333,0.246666667
DT,"DecisionTreeClassifier(class_weight=None, criterion='entropy', max_depth=100,            max_features='log2', max_leaf_nodes=None,            min_impurity_split=1e-07, min_samples_leaf=1,            min_samples_split=10, min_weight_fraction_leaf=0.0,            presort=False, random_state=None, splitter='best')","{'max_depth': 5, 'max_features': 'log2', 'criterion': 'entropy', 'min_samples_split': 5}",0.812882403,0.462933333,0.301866667,0.222533333
DT,"DecisionTreeClassifier(class_weight=None, criterion='entropy', max_depth=100,            max_features='log2', max_leaf_nodes=None,            min_impurity_split=1e-07, min_samples_leaf=1,            min_samples_split=10, min_weight_fraction_leaf=0.0,            presort=False, random_state=None, splitter='best')","{'max_depth': 5, 'max_features': 'log2', 'criterion': 'entropy', 'min_samples_split': 10}",0.811587165,0.463466667,0.348,0.221866667
DT,"DecisionTreeClassifier(class_weight=None, criterion='entropy', max_depth=100,            max_features='log2', max_leaf_nodes=None,            min_impurity_split=1e-07, min_samples_leaf=1,            min_samples_split=10, min_weight_fraction_leaf=0.0,            presort=False, random_state=None, splitter='best')","{'max_depth': 10, 'max_features': 'sqrt', 'criterion': 'entropy', 'min_samples_split': 2}",0.802674641,0.434133333,0.308533333,0.220266667
DT,"DecisionTreeClassifier(class_weight=None, criterion='entropy', max_depth=100,            max_features='log2', max_leaf_nodes=None,            min_impurity_split=1e-07, min_samples_leaf=1,            min_samples_split=10, min_weight_fraction_leaf=0.0,            presort=False, random_state=None, splitter='best')","{'max_depth': 10, 'max_features': 'sqrt', 'criterion': 'entropy', 'min_samples_split': 5}",0.801011018,0.429333333,0.332,0.216933333
DT,"DecisionTreeClassifier(class_weight=None, criterion='entropy', max_depth=100,            max_features='log2', max_leaf_nodes=None,            min_impurity_split=1e-07, min_samples_leaf=1,            min_samples_split=10, min_weight_fraction_leaf=0.0,            presort=False, random_state=None, splitter='best')","{'max_depth': 10, 'max_features': 'sqrt', 'criterion': 'entropy', 'min_samples_split': 10}",0.799427856,0.432533333,0.336533333,0.2196
DT,"DecisionTreeClassifier(class_weight=None, criterion='entropy', max_depth=100,            max_features='log2', max_leaf_nodes=None,            min_impurity_split=1e-07, min_samples_leaf=1,            min_samples_split=10, min_weight_fraction_leaf=0.0,            presort=False, random_state=None, splitter='best')","{'max_depth': 10, 'max_features': 'log2', 'criterion': 'entropy', 'min_samples_split': 2}",0.808730538,0.441066667,0.321333333,0.222666667
DT,"DecisionTreeClassifier(class_weight=None, criterion='entropy', max_depth=100,            max_features='log2', max_leaf_nodes=None,            min_impurity_split=1e-07, min_samples_leaf=1,            min_samples_split=10, min_weight_fraction_leaf=0.0,            presort=False, random_state=None, splitter='best')","{'max_depth': 10, 'max_features': 'log2', 'criterion': 'entropy', 'min_samples_split': 5}",0.802848513,0.4352,0.309866667,0.216266667
DT,"DecisionTreeClassifier(class_weight=None, criterion='entropy', max_depth=100,            max_features='log2', max_leaf_nodes=None,            min_impurity_split=1e-07, min_samples_leaf=1,            min_samples_split=10, min_weight_fraction_leaf=0.0,            presort=False, random_state=None, splitter='best')","{'max_depth': 10, 'max_features': 'log2', 'criterion': 'entropy', 'min_samples_split': 10}",0.806083959,0.442666667,0.311466667,0.217866667
DT,"DecisionTreeClassifier(class_weight=None, criterion='entropy', max_depth=100,            max_features='log2', max_leaf_nodes=None,            min_impurity_split=1e-07, min_samples_leaf=1,            min_samples_split=10, min_weight_fraction_leaf=0.0,            presort=False, random_state=None, splitter='best')","{'max_depth': 20, 'max_features': 'sqrt', 'criterion': 'entropy', 'min_samples_split': 2}",0.641267469,0.3152,0.2448,0.163066667
DT,"DecisionTreeClassifier(class_weight=None, criterion='entropy', max_depth=100,            max_features='log2', max_leaf_nodes=None,            min_impurity_split=1e-07, min_samples_leaf=1,            min_samples_split=10, min_weight_fraction_leaf=0.0,            presort=False, random_state=None, splitter='best')","{'max_depth': 20, 'max_features': 'sqrt', 'criterion': 'entropy', 'min_samples_split': 5}",0.660778334,0.3168,0.243466667,0.170666667
DT,"DecisionTreeClassifier(class_weight=None, criterion='entropy', max_depth=100,            max_features='log2', max_leaf_nodes=None,            min_impurity_split=1e-07, min_samples_leaf=1,            min_samples_split=10, min_weight_fraction_leaf=0.0,            presort=False, random_state=None, splitter='best')","{'max_depth': 20, 'max_features': 'sqrt', 'criterion': 'entropy', 'min_samples_split': 10}",0.685883863,0.330133333,0.258933333,0.184133333
DT,"DecisionTreeClassifier(class_weight=None, criterion='entropy', max_depth=100,            max_features='log2', max_leaf_nodes=None,            min_impurity_split=1e-07, min_samples_leaf=1,            min_samples_split=10, min_weight_fraction_leaf=0.0,            presort=False, random_state=None, splitter='best')","{'max_depth': 20, 'max_features': 'log2', 'criterion': 'entropy', 'min_samples_split': 2}",0.647982746,0.319466667,0.2432,0.164666667
DT,"DecisionTreeClassifier(class_weight=None, criterion='entropy', max_depth=100,            max_features='log2', max_leaf_nodes=None,            min_impurity_split=1e-07, min_samples_leaf=1,            min_samples_split=10, min_weight_fraction_leaf=0.0,            presort=False, random_state=None, splitter='best')","{'max_depth': 20, 'max_features': 'log2', 'criterion': 'entropy', 'min_samples_split': 5}",0.690751036,0.327466667,0.260266667,0.1848
DT,"DecisionTreeClassifier(class_weight=None, criterion='entropy', max_depth=100,            max_features='log2', max_leaf_nodes=None,            min_impurity_split=1e-07, min_samples_leaf=1,            min_samples_split=10, min_weight_fraction_leaf=0.0,            presort=False, random_state=None, splitter='best')","{'max_depth': 20, 'max_features': 'log2', 'criterion': 'entropy', 'min_samples_split': 10}",0.676527971,0.315733333,0.248,0.180533333
DT,"DecisionTreeClassifier(class_weight=None, criterion='entropy', max_depth=100,            max_features='log2', max_leaf_nodes=None,            min_impurity_split=1e-07, min_samples_leaf=1,            min_samples_split=10, min_weight_fraction_leaf=0.0,            presort=False, random_state=None, splitter='best')","{'max_depth': 50, 'max_features': 'sqrt', 'criterion': 'entropy', 'min_samples_split': 2}",0.591192917,0.302933333,0.392,0.3396
DT,"DecisionTreeClassifier(class_weight=None, criterion='entropy', max_depth=100,            max_features='log2', max_leaf_nodes=None,            min_impurity_split=1e-07, min_samples_leaf=1,            min_samples_split=10, min_weight_fraction_leaf=0.0,            presort=False, random_state=None, splitter='best')","{'max_depth': 50, 'max_features': 'sqrt', 'criterion': 'entropy', 'min_samples_split': 5}",0.616107242,0.276266667,0.213333333,0.3396
DT,"DecisionTreeClassifier(class_weight=None, criterion='entropy', max_depth=100,            max_features='log2', max_leaf_nodes=None,            min_impurity_split=1e-07, min_samples_leaf=1,            min_samples_split=10, min_weight_fraction_leaf=0.0,            presort=False, random_state=None, splitter='best')","{'max_depth': 50, 'max_features': 'sqrt', 'criterion': 'entropy', 'min_samples_split': 10}",0.644979857,0.282666667,0.2304,0.3396
DT,"DecisionTreeClassifier(class_weight=None, criterion='entropy', max_depth=100,            max_features='log2', max_leaf_nodes=None,            min_impurity_split=1e-07, min_samples_leaf=1,            min_samples_split=10, min_weight_fraction_leaf=0.0,            presort=False, random_state=None, splitter='best')","{'max_depth': 50, 'max_features': 'log2', 'criterion': 'entropy', 'min_samples_split': 2}",0.590520704,0.298666667,0.412533333,0.3396
DT,"DecisionTreeClassifier(class_weight=None, criterion='entropy', max_depth=100,            max_features='log2', max_leaf_nodes=None,            min_impurity_split=1e-07, min_samples_leaf=1,            min_samples_split=10, min_weight_fraction_leaf=0.0,            presort=False, random_state=None, splitter='best')","{'max_depth': 50, 'max_features': 'log2', 'criterion': 'entropy', 'min_samples_split': 5}",0.619236678,0.2784,0.217333333,0.3396
DT,"DecisionTreeClassifier(class_weight=None, criterion='entropy', max_depth=100,            max_features='log2', max_leaf_nodes=None,            min_impurity_split=1e-07, min_samples_leaf=1,            min_samples_split=10, min_weight_fraction_leaf=0.0,            presort=False, random_state=None, splitter='best')","{'max_depth': 50, 'max_features': 'log2', 'criterion': 'entropy', 'min_samples_split': 10}",0.653858694,0.295466667,0.2312,0.3396
DT,"DecisionTreeClassifier(class_weight=None, criterion='entropy', max_depth=100,            max_features='log2', max_leaf_nodes=None,            min_impurity_split=1e-07, min_samples_leaf=1,            min_samples_split=10, min_weight_fraction_leaf=0.0,            presort=False, random_state=None, splitter='best')","{'max_depth': 100, 'max_features': 'sqrt', 'criterion': 'entropy', 'min_samples_split': 2}",0.597149112,0.3152,0.421333333,0.3396
DT,"DecisionTreeClassifier(class_weight=None, criterion='entropy', max_depth=100,            max_features='log2', max_leaf_nodes=None,            min_impurity_split=1e-07, min_samples_leaf=1,            min_samples_split=10, min_weight_fraction_leaf=0.0,            presort=False, random_state=None, splitter='best')","{'max_depth': 100, 'max_features': 'sqrt', 'criterion': 'entropy', 'min_samples_split': 5}",0.613379702,0.284266667,0.209066667,0.3396
DT,"DecisionTreeClassifier(class_weight=None, criterion='entropy', max_depth=100,            max_features='log2', max_leaf_nodes=None,            min_impurity_split=1e-07, min_samples_leaf=1,            min_samples_split=10, min_weight_fraction_leaf=0.0,            presort=False, random_state=None, splitter='best')","{'max_depth': 100, 'max_features': 'sqrt', 'criterion': 'entropy', 'min_samples_split': 10}",0.646417792,0.2816,0.220266667,0.3396
DT,"DecisionTreeClassifier(class_weight=None, criterion='entropy', max_depth=100,            max_features='log2', max_leaf_nodes=None,            min_impurity_split=1e-07, min_samples_leaf=1,            min_samples_split=10, min_weight_fraction_leaf=0.0,            presort=False, random_state=None, splitter='best')","{'max_depth': 100, 'max_features': 'log2', 'criterion': 'entropy', 'min_samples_split': 2}",0.591520425,0.299733333,0.4168,0.3396
DT,"DecisionTreeClassifier(class_weight=None, criterion='entropy', max_depth=100,            max_features='log2', max_leaf_nodes=None,            min_impurity_split=1e-07, min_samples_leaf=1,            min_samples_split=10, min_weight_fraction_leaf=0.0,            presort=False, random_state=None, splitter='best')","{'max_depth': 100, 'max_features': 'log2', 'criterion': 'entropy', 'min_samples_split': 5}",0.610783968,0.254933333,0.207466667,0.3396
DT,"DecisionTreeClassifier(class_weight=None, criterion='entropy', max_depth=100,            max_features='log2', max_leaf_nodes=None,            min_impurity_split=1e-07, min_samples_leaf=1,            min_samples_split=10, min_weight_fraction_leaf=0.0,            presort=False, random_state=None, splitter='best')","{'max_depth': 100, 'max_features': 'log2', 'criterion': 'entropy', 'min_samples_split': 10}",0.643760687,0.2832,0.2296,0.3396
KNN,"KNeighborsClassifier(algorithm='kd_tree', leaf_size=30, metric='minkowski',           metric_params=None, n_jobs=1, n_neighbors=100, p=2,           weights='distance')","{'weights': 'uniform', 'n_neighbors': 1, 'algorithm': 'auto'}",0.567211356,0.2592,0.4744,0.3396
KNN,"KNeighborsClassifier(algorithm='kd_tree', leaf_size=30, metric='minkowski',           metric_params=None, n_jobs=1, n_neighbors=100, p=2,           weights='distance')","{'weights': 'distance', 'n_neighbors': 1, 'algorithm': 'auto'}",0.567211356,0.2592,0.4744,0.3396
KNN,"KNeighborsClassifier(algorithm='kd_tree', leaf_size=30, metric='minkowski',           metric_params=None, n_jobs=1, n_neighbors=100, p=2,           weights='distance')","{'weights': 'uniform', 'n_neighbors': 5, 'algorithm': 'auto'}",0.680635326,0.3536,0.3656,0.1828
KNN,"KNeighborsClassifier(algorithm='kd_tree', leaf_size=30, metric='minkowski',           metric_params=None, n_jobs=1, n_neighbors=100, p=2,           weights='distance')","{'weights': 'distance', 'n_neighbors': 5, 'algorithm': 'auto'}",0.678187028,0.280533333,0.212,0.1668
KNN,"KNeighborsClassifier(algorithm='kd_tree', leaf_size=30, metric='minkowski',           metric_params=None, n_jobs=1, n_neighbors=100, p=2,           weights='distance')","{'weights': 'uniform', 'n_neighbors': 10, 'algorithm': 'auto'}",0.715544041,0.396266667,0.3048,0.231466667
KNN,"KNeighborsClassifier(algorithm='kd_tree', leaf_size=30, metric='minkowski',           metric_params=None, n_jobs=1, n_neighbors=100, p=2,           weights='distance')","{'weights': 'distance', 'n_neighbors': 10, 'algorithm': 'auto'}",0.711421078,0.309333333,0.238666667,0.173333333
KNN,"KNeighborsClassifier(algorithm='kd_tree', leaf_size=30, metric='minkowski',           metric_params=None, n_jobs=1, n_neighbors=100, p=2,           weights='distance')","{'weights': 'uniform', 'n_neighbors': 25, 'algorithm': 'auto'}",0.754417804,0.416533333,0.306666667,0.202133333
KNN,"KNeighborsClassifier(algorithm='kd_tree', leaf_size=30, metric='minkowski',           metric_params=None, n_jobs=1, n_neighbors=100, p=2,           weights='distance')","{'weights': 'distance', 'n_neighbors': 25, 'algorithm': 'auto'}",0.747620129,0.3456,0.255733333,0.185333333
KNN,"KNeighborsClassifier(algorithm='kd_tree', leaf_size=30, metric='minkowski',           metric_params=None, n_jobs=1, n_neighbors=100, p=2,           weights='distance')","{'weights': 'uniform', 'n_neighbors': 50, 'algorithm': 'auto'}",0.770723428,0.402666667,0.274133333,0.2008
KNN,"KNeighborsClassifier(algorithm='kd_tree', leaf_size=30, metric='minkowski',           metric_params=None, n_jobs=1, n_neighbors=100, p=2,           weights='distance')","{'weights': 'distance', 'n_neighbors': 50, 'algorithm': 'auto'}",0.764296581,0.356266667,0.263733333,0.191866667
KNN,"KNeighborsClassifier(algorithm='kd_tree', leaf_size=30, metric='minkowski',           metric_params=None, n_jobs=1, n_neighbors=100, p=2,           weights='distance')","{'weights': 'uniform', 'n_neighbors': 100, 'algorithm': 'auto'}",0.783136373,0.386133333,0.280533333,0.203466667
KNN,"KNeighborsClassifier(algorithm='kd_tree', leaf_size=30, metric='minkowski',           metric_params=None, n_jobs=1, n_neighbors=100, p=2,           weights='distance')","{'weights': 'distance', 'n_neighbors': 100, 'algorithm': 'auto'}",0.776292284,0.360533333,0.269333333,0.194666667
KNN,"KNeighborsClassifier(algorithm='kd_tree', leaf_size=30, metric='minkowski',           metric_params=None, n_jobs=1, n_neighbors=100, p=2,           weights='distance')","{'weights': 'uniform', 'n_neighbors': 1, 'algorithm': 'ball_tree'}",0.567211356,0.2592,0.4744,0.3396
KNN,"KNeighborsClassifier(algorithm='kd_tree', leaf_size=30, metric='minkowski',           metric_params=None, n_jobs=1, n_neighbors=100, p=2,           weights='distance')","{'weights': 'distance', 'n_neighbors': 1, 'algorithm': 'ball_tree'}",0.567211356,0.2592,0.4744,0.3396
KNN,"KNeighborsClassifier(algorithm='kd_tree', leaf_size=30, metric='minkowski',           metric_params=None, n_jobs=1, n_neighbors=100, p=2,           weights='distance')","{'weights': 'uniform', 'n_neighbors': 5, 'algorithm': 'ball_tree'}",0.680419579,0.353066667,0.365333333,0.182666667
KNN,"KNeighborsClassifier(algorithm='kd_tree', leaf_size=30, metric='minkowski',           metric_params=None, n_jobs=1, n_neighbors=100, p=2,           weights='distance')","{'weights': 'distance', 'n_neighbors': 5, 'algorithm': 'ball_tree'}",0.678007315,0.280533333,0.211733333,0.166933333
KNN,"KNeighborsClassifier(algorithm='kd_tree', leaf_size=30, metric='minkowski',           metric_params=None, n_jobs=1, n_neighbors=100, p=2,           weights='distance')","{'weights': 'uniform', 'n_neighbors': 10, 'algorithm': 'ball_tree'}",0.715491966,0.395733333,0.304533333,0.231466667
KNN,"KNeighborsClassifier(algorithm='kd_tree', leaf_size=30, metric='minkowski',           metric_params=None, n_jobs=1, n_neighbors=100, p=2,           weights='distance')","{'weights': 'distance', 'n_neighbors': 10, 'algorithm': 'ball_tree'}",0.711359073,0.3088,0.238666667,0.1732
KNN,"KNeighborsClassifier(algorithm='kd_tree', leaf_size=30, metric='minkowski',           metric_params=None, n_jobs=1, n_neighbors=100, p=2,           weights='distance')","{'weights': 'uniform', 'n_neighbors': 25, 'algorithm': 'ball_tree'}",0.754457927,0.416533333,0.3064,0.202133333
KNN,"KNeighborsClassifier(algorithm='kd_tree', leaf_size=30, metric='minkowski',           metric_params=None, n_jobs=1, n_neighbors=100, p=2,           weights='distance')","{'weights': 'distance', 'n_neighbors': 25, 'algorithm': 'ball_tree'}",0.747661246,0.346133333,0.255733333,0.185333333
KNN,"KNeighborsClassifier(algorithm='kd_tree', leaf_size=30, metric='minkowski',           metric_params=None, n_jobs=1, n_neighbors=100, p=2,           weights='distance')","{'weights': 'uniform', 'n_neighbors': 50, 'algorithm': 'ball_tree'}",0.770711836,0.402133333,0.274666667,0.2008
KNN,"KNeighborsClassifier(algorithm='kd_tree', leaf_size=30, metric='minkowski',           metric_params=None, n_jobs=1, n_neighbors=100, p=2,           weights='distance')","{'weights': 'distance', 'n_neighbors': 50, 'algorithm': 'ball_tree'}",0.764266679,0.356266667,0.263733333,0.191866667
KNN,"KNeighborsClassifier(algorithm='kd_tree', leaf_size=30, metric='minkowski',           metric_params=None, n_jobs=1, n_neighbors=100, p=2,           weights='distance')","{'weights': 'uniform', 'n_neighbors': 100, 'algorithm': 'ball_tree'}",0.783120153,0.386133333,0.280533333,0.203466667
KNN,"KNeighborsClassifier(algorithm='kd_tree', leaf_size=30, metric='minkowski',           metric_params=None, n_jobs=1, n_neighbors=100, p=2,           weights='distance')","{'weights': 'distance', 'n_neighbors': 100, 'algorithm': 'ball_tree'}",0.776290947,0.360533333,0.269066667,0.194666667
KNN,"KNeighborsClassifier(algorithm='kd_tree', leaf_size=30, metric='minkowski',           metric_params=None, n_jobs=1, n_neighbors=100, p=2,           weights='distance')","{'weights': 'uniform', 'n_neighbors': 1, 'algorithm': 'kd_tree'}",0.567211356,0.2592,0.4744,0.3396
KNN,"KNeighborsClassifier(algorithm='kd_tree', leaf_size=30, metric='minkowski',           metric_params=None, n_jobs=1, n_neighbors=100, p=2,           weights='distance')","{'weights': 'distance', 'n_neighbors': 1, 'algorithm': 'kd_tree'}",0.567211356,0.2592,0.4744,0.3396
KNN,"KNeighborsClassifier(algorithm='kd_tree', leaf_size=30, metric='minkowski',           metric_params=None, n_jobs=1, n_neighbors=100, p=2,           weights='distance')","{'weights': 'uniform', 'n_neighbors': 5, 'algorithm': 'kd_tree'}",0.680635326,0.3536,0.3656,0.1828
KNN,"KNeighborsClassifier(algorithm='kd_tree', leaf_size=30, metric='minkowski',           metric_params=None, n_jobs=1, n_neighbors=100, p=2,           weights='distance')","{'weights': 'distance', 'n_neighbors': 5, 'algorithm': 'kd_tree'}",0.678187028,0.280533333,0.212,0.1668
KNN,"KNeighborsClassifier(algorithm='kd_tree', leaf_size=30, metric='minkowski',           metric_params=None, n_jobs=1, n_neighbors=100, p=2,           weights='distance')","{'weights': 'uniform', 'n_neighbors': 10, 'algorithm': 'kd_tree'}",0.715544041,0.396266667,0.3048,0.231466667
KNN,"KNeighborsClassifier(algorithm='kd_tree', leaf_size=30, metric='minkowski',           metric_params=None, n_jobs=1, n_neighbors=100, p=2,           weights='distance')","{'weights': 'distance', 'n_neighbors': 10, 'algorithm': 'kd_tree'}",0.711421078,0.309333333,0.238666667,0.173333333
KNN,"KNeighborsClassifier(algorithm='kd_tree', leaf_size=30, metric='minkowski',           metric_params=None, n_jobs=1, n_neighbors=100, p=2,           weights='distance')","{'weights': 'uniform', 'n_neighbors': 25, 'algorithm': 'kd_tree'}",0.754417804,0.416533333,0.306666667,0.202133333
KNN,"KNeighborsClassifier(algorithm='kd_tree', leaf_size=30, metric='minkowski',           metric_params=None, n_jobs=1, n_neighbors=100, p=2,           weights='distance')","{'weights': 'distance', 'n_neighbors': 25, 'algorithm': 'kd_tree'}",0.747620129,0.3456,0.255733333,0.185333333
KNN,"KNeighborsClassifier(algorithm='kd_tree', leaf_size=30, metric='minkowski',           metric_params=None, n_jobs=1, n_neighbors=100, p=2,           weights='distance')","{'weights': 'uniform', 'n_neighbors': 50, 'algorithm': 'kd_tree'}",0.770723428,0.402666667,0.274133333,0.2008
KNN,"KNeighborsClassifier(algorithm='kd_tree', leaf_size=30, metric='minkowski',           metric_params=None, n_jobs=1, n_neighbors=100, p=2,           weights='distance')","{'weights': 'distance', 'n_neighbors': 50, 'algorithm': 'kd_tree'}",0.764296581,0.356266667,0.263733333,0.191866667
KNN,"KNeighborsClassifier(algorithm='kd_tree', leaf_size=30, metric='minkowski',           metric_params=None, n_jobs=1, n_neighbors=100, p=2,           weights='distance')","{'weights': 'uniform', 'n_neighbors': 100, 'algorithm': 'kd_tree'}",0.783136373,0.386133333,0.280533333,0.203466667
KNN,"KNeighborsClassifier(algorithm='kd_tree', leaf_size=30, metric='minkowski',           metric_params=None, n_jobs=1, n_neighbors=100, p=2,           weights='distance')","{'weights': 'distance', 'n_neighbors': 100, 'algorithm': 'kd_tree'}",0.776292284,0.360533333,0.269333333,0.194666667
ET,"ExtraTreesClassifier(bootstrap=False, class_weight=None, criterion='entropy',           max_depth=50, max_features='log2', max_leaf_nodes=None,           min_impurity_split=1e-07, min_samples_leaf=1,           min_samples_split=10, min_weight_fraction_leaf=0.0,           n_estimators=100, n_jobs=-1, oob_score=False, random_state=None,           verbose=0, warm_start=False)","{'max_depth': 5, 'max_features': 'sqrt', 'criterion': 'gini', 'min_samples_split': 2, 'n_estimators': 10}",0.730328413,0.4368,0.2984,0.178266667
ET,"ExtraTreesClassifier(bootstrap=False, class_weight=None, criterion='entropy',           max_depth=50, max_features='log2', max_leaf_nodes=None,           min_impurity_split=1e-07, min_samples_leaf=1,           min_samples_split=10, min_weight_fraction_leaf=0.0,           n_estimators=100, n_jobs=-1, oob_score=False, random_state=None,           verbose=0, warm_start=False)","{'max_depth': 5, 'max_features': 'sqrt', 'criterion': 'gini', 'min_samples_split': 2, 'n_estimators': 100}",0.738101362,0.433066667,0.269066667,0.1764
ET,"ExtraTreesClassifier(bootstrap=False, class_weight=None, criterion='entropy',           max_depth=50, max_features='log2', max_leaf_nodes=None,           min_impurity_split=1e-07, min_samples_leaf=1,           min_samples_split=10, min_weight_fraction_leaf=0.0,           n_estimators=100, n_jobs=-1, oob_score=False, random_state=None,           verbose=0, warm_start=False)","{'max_depth': 5, 'max_features': 'sqrt', 'criterion': 'gini', 'min_samples_split': 10, 'n_estimators': 10}",0.731869705,0.4352,0.294133333,0.177733333
ET,"ExtraTreesClassifier(bootstrap=False, class_weight=None, criterion='entropy',           max_depth=50, max_features='log2', max_leaf_nodes=None,           min_impurity_split=1e-07, min_samples_leaf=1,           min_samples_split=10, min_weight_fraction_leaf=0.0,           n_estimators=100, n_jobs=-1, oob_score=False, random_state=None,           verbose=0, warm_start=False)","{'max_depth': 5, 'max_features': 'sqrt', 'criterion': 'gini', 'min_samples_split': 10, 'n_estimators': 100}",0.735880835,0.421866667,0.2528,0.172
ET,"ExtraTreesClassifier(bootstrap=False, class_weight=None, criterion='entropy',           max_depth=50, max_features='log2', max_leaf_nodes=None,           min_impurity_split=1e-07, min_samples_leaf=1,           min_samples_split=10, min_weight_fraction_leaf=0.0,           n_estimators=100, n_jobs=-1, oob_score=False, random_state=None,           verbose=0, warm_start=False)","{'max_depth': 5, 'max_features': 'log2', 'criterion': 'gini', 'min_samples_split': 2, 'n_estimators': 10}",0.717381901,0.4384,0.3248,0.184
ET,"ExtraTreesClassifier(bootstrap=False, class_weight=None, criterion='entropy',           max_depth=50, max_features='log2', max_leaf_nodes=None,           min_impurity_split=1e-07, min_samples_leaf=1,           min_samples_split=10, min_weight_fraction_leaf=0.0,           n_estimators=100, n_jobs=-1, oob_score=False, random_state=None,           verbose=0, warm_start=False)","{'max_depth': 5, 'max_features': 'log2', 'criterion': 'gini', 'min_samples_split': 2, 'n_estimators': 100}",0.737903204,0.4336,0.269866667,0.1736
ET,"ExtraTreesClassifier(bootstrap=False, class_weight=None, criterion='entropy',           max_depth=50, max_features='log2', max_leaf_nodes=None,           min_impurity_split=1e-07, min_samples_leaf=1,           min_samples_split=10, min_weight_fraction_leaf=0.0,           n_estimators=100, n_jobs=-1, oob_score=False, random_state=None,           verbose=0, warm_start=False)","{'max_depth': 5, 'max_features': 'log2', 'criterion': 'gini', 'min_samples_split': 10, 'n_estimators': 10}",0.736502703,0.4512,0.266133333,0.235733333
ET,"ExtraTreesClassifier(bootstrap=False, class_weight=None, criterion='entropy',           max_depth=50, max_features='log2', max_leaf_nodes=None,           min_impurity_split=1e-07, min_samples_leaf=1,           min_samples_split=10, min_weight_fraction_leaf=0.0,           n_estimators=100, n_jobs=-1, oob_score=False, random_state=None,           verbose=0, warm_start=False)","{'max_depth': 5, 'max_features': 'log2', 'criterion': 'gini', 'min_samples_split': 10, 'n_estimators': 100}",0.737779689,0.432533333,0.2704,0.173066667
ET,"ExtraTreesClassifier(bootstrap=False, class_weight=None, criterion='entropy',           max_depth=50, max_features='log2', max_leaf_nodes=None,           min_impurity_split=1e-07, min_samples_leaf=1,           min_samples_split=10, min_weight_fraction_leaf=0.0,           n_estimators=100, n_jobs=-1, oob_score=False, random_state=None,           verbose=0, warm_start=False)","{'max_depth': 50, 'max_features': 'sqrt', 'criterion': 'gini', 'min_samples_split': 2, 'n_estimators': 10}",0.70152156,0.344,0.231466667,0.188266667
ET,"ExtraTreesClassifier(bootstrap=False, class_weight=None, criterion='entropy',           max_depth=50, max_features='log2', max_leaf_nodes=None,           min_impurity_split=1e-07, min_samples_leaf=1,           min_samples_split=10, min_weight_fraction_leaf=0.0,           n_estimators=100, n_jobs=-1, oob_score=False, random_state=None,           verbose=0, warm_start=False)","{'max_depth': 50, 'max_features': 'sqrt', 'criterion': 'gini', 'min_samples_split': 2, 'n_estimators': 100}",0.757949547,0.319466667,0.248533333,0.184933333
ET,"ExtraTreesClassifier(bootstrap=False, class_weight=None, criterion='entropy',           max_depth=50, max_features='log2', max_leaf_nodes=None,           min_impurity_split=1e-07, min_samples_leaf=1,           min_samples_split=10, min_weight_fraction_leaf=0.0,           n_estimators=100, n_jobs=-1, oob_score=False, random_state=None,           verbose=0, warm_start=False)","{'max_depth': 50, 'max_features': 'sqrt', 'criterion': 'gini', 'min_samples_split': 10, 'n_estimators': 10}",0.777808275,0.4,0.287466667,0.199466667
ET,"ExtraTreesClassifier(bootstrap=False, class_weight=None, criterion='entropy',           max_depth=50, max_features='log2', max_leaf_nodes=None,           min_impurity_split=1e-07, min_samples_leaf=1,           min_samples_split=10, min_weight_fraction_leaf=0.0,           n_estimators=100, n_jobs=-1, oob_score=False, random_state=None,           verbose=0, warm_start=False)","{'max_depth': 50, 'max_features': 'sqrt', 'criterion': 'gini', 'min_samples_split': 10, 'n_estimators': 100}",0.791970469,0.4032,0.296,0.204266667
ET,"ExtraTreesClassifier(bootstrap=False, class_weight=None, criterion='entropy',           max_depth=50, max_features='log2', max_leaf_nodes=None,           min_impurity_split=1e-07, min_samples_leaf=1,           min_samples_split=10, min_weight_fraction_leaf=0.0,           n_estimators=100, n_jobs=-1, oob_score=False, random_state=None,           verbose=0, warm_start=False)","{'max_depth': 50, 'max_features': 'log2', 'criterion': 'gini', 'min_samples_split': 2, 'n_estimators': 10}",0.707725179,0.345066667,0.2408,0.189733333
ET,"ExtraTreesClassifier(bootstrap=False, class_weight=None, criterion='entropy',           max_depth=50, max_features='log2', max_leaf_nodes=None,           min_impurity_split=1e-07, min_samples_leaf=1,           min_samples_split=10, min_weight_fraction_leaf=0.0,           n_estimators=100, n_jobs=-1, oob_score=False, random_state=None,           verbose=0, warm_start=False)","{'max_depth': 50, 'max_features': 'log2', 'criterion': 'gini', 'min_samples_split': 2, 'n_estimators': 100}",0.760500946,0.32,0.250933333,0.184666667
ET,"ExtraTreesClassifier(bootstrap=False, class_weight=None, criterion='entropy',           max_depth=50, max_features='log2', max_leaf_nodes=None,           min_impurity_split=1e-07, min_samples_leaf=1,           min_samples_split=10, min_weight_fraction_leaf=0.0,           n_estimators=100, n_jobs=-1, oob_score=False, random_state=None,           verbose=0, warm_start=False)","{'max_depth': 50, 'max_features': 'log2', 'criterion': 'gini', 'min_samples_split': 10, 'n_estimators': 10}",0.776895607,0.380266667,0.292533333,0.199333333
ET,"ExtraTreesClassifier(bootstrap=False, class_weight=None, criterion='entropy',           max_depth=50, max_features='log2', max_leaf_nodes=None,           min_impurity_split=1e-07, min_samples_leaf=1,           min_samples_split=10, min_weight_fraction_leaf=0.0,           n_estimators=100, n_jobs=-1, oob_score=False, random_state=None,           verbose=0, warm_start=False)","{'max_depth': 50, 'max_features': 'log2', 'criterion': 'gini', 'min_samples_split': 10, 'n_estimators': 100}",0.794626159,0.406933333,0.298666667,0.2056
ET,"ExtraTreesClassifier(bootstrap=False, class_weight=None, criterion='entropy',           max_depth=50, max_features='log2', max_leaf_nodes=None,           min_impurity_split=1e-07, min_samples_leaf=1,           min_samples_split=10, min_weight_fraction_leaf=0.0,           n_estimators=100, n_jobs=-1, oob_score=False, random_state=None,           verbose=0, warm_start=False)","{'max_depth': 5, 'max_features': 'sqrt', 'criterion': 'entropy', 'min_samples_split': 2, 'n_estimators': 10}",0.73400265,0.458133333,0.312266667,0.230266667
ET,"ExtraTreesClassifier(bootstrap=False, class_weight=None, criterion='entropy',           max_depth=50, max_features='log2', max_leaf_nodes=None,           min_impurity_split=1e-07, min_samples_leaf=1,           min_samples_split=10, min_weight_fraction_leaf=0.0,           n_estimators=100, n_jobs=-1, oob_score=False, random_state=None,           verbose=0, warm_start=False)","{'max_depth': 5, 'max_features': 'sqrt', 'criterion': 'entropy', 'min_samples_split': 2, 'n_estimators': 100}",0.738030309,0.437333333,0.2696,0.172933333
ET,"ExtraTreesClassifier(bootstrap=False, class_weight=None, criterion='entropy',           max_depth=50, max_features='log2', max_leaf_nodes=None,           min_impurity_split=1e-07, min_samples_leaf=1,           min_samples_split=10, min_weight_fraction_leaf=0.0,           n_estimators=100, n_jobs=-1, oob_score=False, random_state=None,           verbose=0, warm_start=False)","{'max_depth': 5, 'max_features': 'sqrt', 'criterion': 'entropy', 'min_samples_split': 10, 'n_estimators': 10}",0.732922373,0.436266667,0.263733333,0.173866667
ET,"ExtraTreesClassifier(bootstrap=False, class_weight=None, criterion='entropy',           max_depth=50, max_features='log2', max_leaf_nodes=None,           min_impurity_split=1e-07, min_samples_leaf=1,           min_samples_split=10, min_weight_fraction_leaf=0.0,           n_estimators=100, n_jobs=-1, oob_score=False, random_state=None,           verbose=0, warm_start=False)","{'max_depth': 5, 'max_features': 'sqrt', 'criterion': 'entropy', 'min_samples_split': 10, 'n_estimators': 100}",0.738007742,0.432533333,0.269333333,0.172933333
ET,"ExtraTreesClassifier(bootstrap=False, class_weight=None, criterion='entropy',           max_depth=50, max_features='log2', max_leaf_nodes=None,           min_impurity_split=1e-07, min_samples_leaf=1,           min_samples_split=10, min_weight_fraction_leaf=0.0,           n_estimators=100, n_jobs=-1, oob_score=False, random_state=None,           verbose=0, warm_start=False)","{'max_depth': 5, 'max_features': 'log2', 'criterion': 'entropy', 'min_samples_split': 2, 'n_estimators': 10}",0.733658287,0.434666667,0.301066667,0.207333333
ET,"ExtraTreesClassifier(bootstrap=False, class_weight=None, criterion='entropy',           max_depth=50, max_features='log2', max_leaf_nodes=None,           min_impurity_split=1e-07, min_samples_leaf=1,           min_samples_split=10, min_weight_fraction_leaf=0.0,           n_estimators=100, n_jobs=-1, oob_score=False, random_state=None,           verbose=0, warm_start=False)","{'max_depth': 5, 'max_features': 'log2', 'criterion': 'entropy', 'min_samples_split': 2, 'n_estimators': 100}",0.733940038,0.434133333,0.253866667,0.168133333
ET,"ExtraTreesClassifier(bootstrap=False, class_weight=None, criterion='entropy',           max_depth=50, max_features='log2', max_leaf_nodes=None,           min_impurity_split=1e-07, min_samples_leaf=1,           min_samples_split=10, min_weight_fraction_leaf=0.0,           n_estimators=100, n_jobs=-1, oob_score=False, random_state=None,           verbose=0, warm_start=False)","{'max_depth': 5, 'max_features': 'log2', 'criterion': 'entropy', 'min_samples_split': 10, 'n_estimators': 10}",0.735538388,0.4496,0.2928,0.182666667
ET,"ExtraTreesClassifier(bootstrap=False, class_weight=None, criterion='entropy',           max_depth=50, max_features='log2', max_leaf_nodes=None,           min_impurity_split=1e-07, min_samples_leaf=1,           min_samples_split=10, min_weight_fraction_leaf=0.0,           n_estimators=100, n_jobs=-1, oob_score=False, random_state=None,           verbose=0, warm_start=False)","{'max_depth': 5, 'max_features': 'log2', 'criterion': 'entropy', 'min_samples_split': 10, 'n_estimators': 100}",0.73805201,0.436266667,0.269866667,0.172133333
ET,"ExtraTreesClassifier(bootstrap=False, class_weight=None, criterion='entropy',           max_depth=50, max_features='log2', max_leaf_nodes=None,           min_impurity_split=1e-07, min_samples_leaf=1,           min_samples_split=10, min_weight_fraction_leaf=0.0,           n_estimators=100, n_jobs=-1, oob_score=False, random_state=None,           verbose=0, warm_start=False)","{'max_depth': 50, 'max_features': 'sqrt', 'criterion': 'entropy', 'min_samples_split': 2, 'n_estimators': 10}",0.698297875,0.333866667,0.235466667,0.186933333
ET,"ExtraTreesClassifier(bootstrap=False, class_weight=None, criterion='entropy',           max_depth=50, max_features='log2', max_leaf_nodes=None,           min_impurity_split=1e-07, min_samples_leaf=1,           min_samples_split=10, min_weight_fraction_leaf=0.0,           n_estimators=100, n_jobs=-1, oob_score=False, random_state=None,           verbose=0, warm_start=False)","{'max_depth': 50, 'max_features': 'sqrt', 'criterion': 'entropy', 'min_samples_split': 2, 'n_estimators': 100}",0.755486067,0.325866667,0.249066667,0.183466667
ET,"ExtraTreesClassifier(bootstrap=False, class_weight=None, criterion='entropy',           max_depth=50, max_features='log2', max_leaf_nodes=None,           min_impurity_split=1e-07, min_samples_leaf=1,           min_samples_split=10, min_weight_fraction_leaf=0.0,           n_estimators=100, n_jobs=-1, oob_score=False, random_state=None,           verbose=0, warm_start=False)","{'max_depth': 50, 'max_features': 'sqrt', 'criterion': 'entropy', 'min_samples_split': 10, 'n_estimators': 10}",0.783755703,0.397866667,0.287733333,0.2008
ET,"ExtraTreesClassifier(bootstrap=False, class_weight=None, criterion='entropy',           max_depth=50, max_features='log2', max_leaf_nodes=None,           min_impurity_split=1e-07, min_samples_leaf=1,           min_samples_split=10, min_weight_fraction_leaf=0.0,           n_estimators=100, n_jobs=-1, oob_score=False, random_state=None,           verbose=0, warm_start=False)","{'max_depth': 50, 'max_features': 'sqrt', 'criterion': 'entropy', 'min_samples_split': 10, 'n_estimators': 100}",0.792542256,0.4016,0.298933333,0.205333333
ET,"ExtraTreesClassifier(bootstrap=False, class_weight=None, criterion='entropy',           max_depth=50, max_features='log2', max_leaf_nodes=None,           min_impurity_split=1e-07, min_samples_leaf=1,           min_samples_split=10, min_weight_fraction_leaf=0.0,           n_estimators=100, n_jobs=-1, oob_score=False, random_state=None,           verbose=0, warm_start=False)","{'max_depth': 50, 'max_features': 'log2', 'criterion': 'entropy', 'min_samples_split': 2, 'n_estimators': 10}",0.706613933,0.3392,0.235466667,0.192133333
ET,"ExtraTreesClassifier(bootstrap=False, class_weight=None, criterion='entropy',           max_depth=50, max_features='log2', max_leaf_nodes=None,           min_impurity_split=1e-07, min_samples_leaf=1,           min_samples_split=10, min_weight_fraction_leaf=0.0,           n_estimators=100, n_jobs=-1, oob_score=False, random_state=None,           verbose=0, warm_start=False)","{'max_depth': 50, 'max_features': 'log2', 'criterion': 'entropy', 'min_samples_split': 2, 'n_estimators': 100}",0.757534676,0.32,0.246933333,0.183466667
ET,"ExtraTreesClassifier(bootstrap=False, class_weight=None, criterion='entropy',           max_depth=50, max_features='log2', max_leaf_nodes=None,           min_impurity_split=1e-07, min_samples_leaf=1,           min_samples_split=10, min_weight_fraction_leaf=0.0,           n_estimators=100, n_jobs=-1, oob_score=False, random_state=None,           verbose=0, warm_start=False)","{'max_depth': 50, 'max_features': 'log2', 'criterion': 'entropy', 'min_samples_split': 10, 'n_estimators': 10}",0.781581062,0.392,0.2856,0.202
ET,"ExtraTreesClassifier(bootstrap=False, class_weight=None, criterion='entropy',           max_depth=50, max_features='log2', max_leaf_nodes=None,           min_impurity_split=1e-07, min_samples_leaf=1,           min_samples_split=10, min_weight_fraction_leaf=0.0,           n_estimators=100, n_jobs=-1, oob_score=False, random_state=None,           verbose=0, warm_start=False)","{'max_depth': 50, 'max_features': 'log2', 'criterion': 'entropy', 'min_samples_split': 10, 'n_estimators': 100}",0.792845586,0.405866667,0.300533333,0.204133333
AB,"AdaBoostClassifier(algorithm='SAMME.R',          base_estimator=DecisionTreeClassifier(class_weight=None, criterion='gini', max_depth=1,            max_features=None, max_leaf_nodes=None,            min_impurity_split=1e-07, min_samples_leaf=1,            min_samples_split=2, min_weight_fraction_leaf=0.0,            presort=False, random_state=None, splitter='best'),          learning_rate=1.0, n_estimators=10000, random_state=None)","{'n_estimators': 1, 'algorithm': 'SAMME'}",0.653222717,0.464,0.672533333,0.3396
AB,"AdaBoostClassifier(algorithm='SAMME.R',          base_estimator=DecisionTreeClassifier(class_weight=None, criterion='gini', max_depth=1,            max_features=None, max_leaf_nodes=None,            min_impurity_split=1e-07, min_samples_leaf=1,            min_samples_split=2, min_weight_fraction_leaf=0.0,            presort=False, random_state=None, splitter='best'),          learning_rate=1.0, n_estimators=10000, random_state=None)","{'n_estimators': 10, 'algorithm': 'SAMME'}",0.803909318,0.442133333,0.483733333,0.241866667
AB,"AdaBoostClassifier(algorithm='SAMME.R',          base_estimator=DecisionTreeClassifier(class_weight=None, criterion='gini', max_depth=1,            max_features=None, max_leaf_nodes=None,            min_impurity_split=1e-07, min_samples_leaf=1,            min_samples_split=2, min_weight_fraction_leaf=0.0,            presort=False, random_state=None, splitter='best'),          learning_rate=1.0, n_estimators=10000, random_state=None)","{'n_estimators': 100, 'algorithm': 'SAMME'}",0.822900955,0.437333333,0.322933333,0.219066667
AB,"AdaBoostClassifier(algorithm='SAMME.R',          base_estimator=DecisionTreeClassifier(class_weight=None, criterion='gini', max_depth=1,            max_features=None, max_leaf_nodes=None,            min_impurity_split=1e-07, min_samples_leaf=1,            min_samples_split=2, min_weight_fraction_leaf=0.0,            presort=False, random_state=None, splitter='best'),          learning_rate=1.0, n_estimators=10000, random_state=None)","{'n_estimators': 1000, 'algorithm': 'SAMME'}",0.824528195,0.437866667,0.322133333,0.219466667
AB,"AdaBoostClassifier(algorithm='SAMME.R',          base_estimator=DecisionTreeClassifier(class_weight=None, criterion='gini', max_depth=1,            max_features=None, max_leaf_nodes=None,            min_impurity_split=1e-07, min_samples_leaf=1,            min_samples_split=2, min_weight_fraction_leaf=0.0,            presort=False, random_state=None, splitter='best'),          learning_rate=1.0, n_estimators=10000, random_state=None)","{'n_estimators': 10000, 'algorithm': 'SAMME'}",0.824447437,0.437866667,0.322133333,0.22
AB,"AdaBoostClassifier(algorithm='SAMME.R',          base_estimator=DecisionTreeClassifier(class_weight=None, criterion='gini', max_depth=1,            max_features=None, max_leaf_nodes=None,            min_impurity_split=1e-07, min_samples_leaf=1,            min_samples_split=2, min_weight_fraction_leaf=0.0,            presort=False, random_state=None, splitter='best'),          learning_rate=1.0, n_estimators=10000, random_state=None)","{'n_estimators': 1, 'algorithm': 'SAMME.R'}",0.653222717,0.464,0.672533333,0.3396
AB,"AdaBoostClassifier(algorithm='SAMME.R',          base_estimator=DecisionTreeClassifier(class_weight=None, criterion='gini', max_depth=1,            max_features=None, max_leaf_nodes=None,            min_impurity_split=1e-07, min_samples_leaf=1,            min_samples_split=2, min_weight_fraction_leaf=0.0,            presort=False, random_state=None, splitter='best'),          learning_rate=1.0, n_estimators=10000, random_state=None)","{'n_estimators': 10, 'algorithm': 'SAMME.R'}",0.819032223,0.4464,0.3112,0.217733333
AB,"AdaBoostClassifier(algorithm='SAMME.R',          base_estimator=DecisionTreeClassifier(class_weight=None, criterion='gini', max_depth=1,            max_features=None, max_leaf_nodes=None,            min_impurity_split=1e-07, min_samples_leaf=1,            min_samples_split=2, min_weight_fraction_leaf=0.0,            presort=False, random_state=None, splitter='best'),          learning_rate=1.0, n_estimators=10000, random_state=None)","{'n_estimators': 100, 'algorithm': 'SAMME.R'}",0.827696244,0.438933333,0.3208,0.222
AB,"AdaBoostClassifier(algorithm='SAMME.R',          base_estimator=DecisionTreeClassifier(class_weight=None, criterion='gini', max_depth=1,            max_features=None, max_leaf_nodes=None,            min_impurity_split=1e-07, min_samples_leaf=1,            min_samples_split=2, min_weight_fraction_leaf=0.0,            presort=False, random_state=None, splitter='best'),          learning_rate=1.0, n_estimators=10000, random_state=None)","{'n_estimators': 1000, 'algorithm': 'SAMME.R'}",0.826174985,0.441066667,0.322133333,0.221733333
AB,"AdaBoostClassifier(algorithm='SAMME.R',          base_estimator=DecisionTreeClassifier(class_weight=None, criterion='gini', max_depth=1,            max_features=None, max_leaf_nodes=None,            min_impurity_split=1e-07, min_samples_leaf=1,            min_samples_split=2, min_weight_fraction_leaf=0.0,            presort=False, random_state=None, splitter='best'),          learning_rate=1.0, n_estimators=10000, random_state=None)","{'n_estimators': 10000, 'algorithm': 'SAMME.R'}",0.822523394,0.440533333,0.320266667,0.219466667
GB,"GradientBoostingClassifier(criterion='friedman_mse', init=None,              learning_rate=0.5, loss='deviance', max_depth=50,              max_features=None, max_leaf_nodes=None,              min_impurity_split=1e-07, min_samples_leaf=1,              min_samples_split=2, min_weight_fraction_leaf=0.0,              n_estimators=100, presort='auto', random_state=None,              subsample=1.0, verbose=0, warm_start=False)","{'max_depth': 5, 'n_estimators': 10, 'learning_rate': 0.001, 'subsample': 0.1}",0.823272041,0.445866667,0.322133333,0.220933333
GB,"GradientBoostingClassifier(criterion='friedman_mse', init=None,              learning_rate=0.5, loss='deviance', max_depth=50,              max_features=None, max_leaf_nodes=None,              min_impurity_split=1e-07, min_samples_leaf=1,              min_samples_split=2, min_weight_fraction_leaf=0.0,              n_estimators=100, presort='auto', random_state=None,              subsample=1.0, verbose=0, warm_start=False)","{'max_depth': 5, 'n_estimators': 10, 'learning_rate': 0.001, 'subsample': 0.5}",0.823404756,0.458133333,0.325866667,0.220666667
GB,"GradientBoostingClassifier(criterion='friedman_mse', init=None,              learning_rate=0.5, loss='deviance', max_depth=50,              max_features=None, max_leaf_nodes=None,              min_impurity_split=1e-07, min_samples_leaf=1,              min_samples_split=2, min_weight_fraction_leaf=0.0,              n_estimators=100, presort='auto', random_state=None,              subsample=1.0, verbose=0, warm_start=False)","{'max_depth': 5, 'n_estimators': 10, 'learning_rate': 0.001, 'subsample': 1.0}",0.820705916,0.461333333,0.3944,0.2264
GB,"GradientBoostingClassifier(criterion='friedman_mse', init=None,              learning_rate=0.5, loss='deviance', max_depth=50,              max_features=None, max_leaf_nodes=None,              min_impurity_split=1e-07, min_samples_leaf=1,              min_samples_split=2, min_weight_fraction_leaf=0.0,              n_estimators=100, presort='auto', random_state=None,              subsample=1.0, verbose=0, warm_start=False)","{'max_depth': 5, 'n_estimators': 100, 'learning_rate': 0.001, 'subsample': 0.1}",0.825321958,0.4496,0.323733333,0.222133333
GB,"GradientBoostingClassifier(criterion='friedman_mse', init=None,              learning_rate=0.5, loss='deviance', max_depth=50,              max_features=None, max_leaf_nodes=None,              min_impurity_split=1e-07, min_samples_leaf=1,              min_samples_split=2, min_weight_fraction_leaf=0.0,              n_estimators=100, presort='auto', random_state=None,              subsample=1.0, verbose=0, warm_start=False)","{'max_depth': 5, 'n_estimators': 100, 'learning_rate': 0.001, 'subsample': 0.5}",0.824857871,0.453866667,0.324,0.221866667
GB,"GradientBoostingClassifier(criterion='friedman_mse', init=None,              learning_rate=0.5, loss='deviance', max_depth=50,              max_features=None, max_leaf_nodes=None,              min_impurity_split=1e-07, min_samples_leaf=1,              min_samples_split=2, min_weight_fraction_leaf=0.0,              n_estimators=100, presort='auto', random_state=None,              subsample=1.0, verbose=0, warm_start=False)","{'max_depth': 5, 'n_estimators': 100, 'learning_rate': 0.001, 'subsample': 1.0}",0.822104036,0.4608,0.324533333,0.222666667
GB,"GradientBoostingClassifier(criterion='friedman_mse', init=None,              learning_rate=0.5, loss='deviance', max_depth=50,              max_features=None, max_leaf_nodes=None,              min_impurity_split=1e-07, min_samples_leaf=1,              min_samples_split=2, min_weight_fraction_leaf=0.0,              n_estimators=100, presort='auto', random_state=None,              subsample=1.0, verbose=0, warm_start=False)","{'max_depth': 50, 'n_estimators': 10, 'learning_rate': 0.001, 'subsample': 0.1}",0.711345847,0.390933333,0.275733333,0.1868
GB,"GradientBoostingClassifier(criterion='friedman_mse', init=None,              learning_rate=0.5, loss='deviance', max_depth=50,              max_features=None, max_leaf_nodes=None,              min_impurity_split=1e-07, min_samples_leaf=1,              min_samples_split=2, min_weight_fraction_leaf=0.0,              n_estimators=100, presort='auto', random_state=None,              subsample=1.0, verbose=0, warm_start=False)","{'max_depth': 50, 'n_estimators': 10, 'learning_rate': 0.001, 'subsample': 0.5}",0.683600877,0.3456,0.262133333,0.185333333
GB,"GradientBoostingClassifier(criterion='friedman_mse', init=None,              learning_rate=0.5, loss='deviance', max_depth=50,              max_features=None, max_leaf_nodes=None,              min_impurity_split=1e-07, min_samples_leaf=1,              min_samples_split=2, min_weight_fraction_leaf=0.0,              n_estimators=100, presort='auto', random_state=None,              subsample=1.0, verbose=0, warm_start=False)","{'max_depth': 50, 'n_estimators': 10, 'learning_rate': 0.001, 'subsample': 1.0}",0.612114326,0.253333333,0.258933333,0.3396
GB,"GradientBoostingClassifier(criterion='friedman_mse', init=None,              learning_rate=0.5, loss='deviance', max_depth=50,              max_features=None, max_leaf_nodes=None,              min_impurity_split=1e-07, min_samples_leaf=1,              min_samples_split=2, min_weight_fraction_leaf=0.0,              n_estimators=100, presort='auto', random_state=None,              subsample=1.0, verbose=0, warm_start=False)","{'max_depth': 50, 'n_estimators': 100, 'learning_rate': 0.001, 'subsample': 0.1}",0.806068098,0.44,0.315733333,0.212666667
GB,"GradientBoostingClassifier(criterion='friedman_mse', init=None,              learning_rate=0.5, loss='deviance', max_depth=50,              max_features=None, max_leaf_nodes=None,              min_impurity_split=1e-07, min_samples_leaf=1,              min_samples_split=2, min_weight_fraction_leaf=0.0,              n_estimators=100, presort='auto', random_state=None,              subsample=1.0, verbose=0, warm_start=False)","{'max_depth': 50, 'n_estimators': 100, 'learning_rate': 0.001, 'subsample': 0.5}",0.775420751,0.390933333,0.2888,0.199333333
GB,"GradientBoostingClassifier(criterion='friedman_mse', init=None,              learning_rate=0.5, loss='deviance', max_depth=50,              max_features=None, max_leaf_nodes=None,              min_impurity_split=1e-07, min_samples_leaf=1,              min_samples_split=2, min_weight_fraction_leaf=0.0,              n_estimators=100, presort='auto', random_state=None,              subsample=1.0, verbose=0, warm_start=False)","{'max_depth': 50, 'n_estimators': 100, 'learning_rate': 0.001, 'subsample': 1.0}",0.61494177,0.2496,0.249866667,0.3396
GB,"GradientBoostingClassifier(criterion='friedman_mse', init=None,              learning_rate=0.5, loss='deviance', max_depth=50,              max_features=None, max_leaf_nodes=None,              min_impurity_split=1e-07, min_samples_leaf=1,              min_samples_split=2, min_weight_fraction_leaf=0.0,              n_estimators=100, presort='auto', random_state=None,              subsample=1.0, verbose=0, warm_start=False)","{'max_depth': 5, 'n_estimators': 10, 'learning_rate': 0.1, 'subsample': 0.1}",0.82468574,0.432533333,0.314133333,0.2204
GB,"GradientBoostingClassifier(criterion='friedman_mse', init=None,              learning_rate=0.5, loss='deviance', max_depth=50,              max_features=None, max_leaf_nodes=None,              min_impurity_split=1e-07, min_samples_leaf=1,              min_samples_split=2, min_weight_fraction_leaf=0.0,              n_estimators=100, presort='auto', random_state=None,              subsample=1.0, verbose=0, warm_start=False)","{'max_depth': 5, 'n_estimators': 10, 'learning_rate': 0.1, 'subsample': 0.5}",0.827151466,0.450133333,0.3328,0.224666667
GB,"GradientBoostingClassifier(criterion='friedman_mse', init=None,              learning_rate=0.5, loss='deviance', max_depth=50,              max_features=None, max_leaf_nodes=None,              min_impurity_split=1e-07, min_samples_leaf=1,              min_samples_split=2, min_weight_fraction_leaf=0.0,              n_estimators=100, presort='auto', random_state=None,              subsample=1.0, verbose=0, warm_start=False)","{'max_depth': 5, 'n_estimators': 10, 'learning_rate': 0.1, 'subsample': 1.0}",0.826122427,0.4544,0.3248,0.224933333
GB,"GradientBoostingClassifier(criterion='friedman_mse', init=None,              learning_rate=0.5, loss='deviance', max_depth=50,              max_features=None, max_leaf_nodes=None,              min_impurity_split=1e-07, min_samples_leaf=1,              min_samples_split=2, min_weight_fraction_leaf=0.0,              n_estimators=100, presort='auto', random_state=None,              subsample=1.0, verbose=0, warm_start=False)","{'max_depth': 5, 'n_estimators': 100, 'learning_rate': 0.1, 'subsample': 0.1}",0.823185015,0.413866667,0.310933333,0.2192
GB,"GradientBoostingClassifier(criterion='friedman_mse', init=None,              learning_rate=0.5, loss='deviance', max_depth=50,              max_features=None, max_leaf_nodes=None,              min_impurity_split=1e-07, min_samples_leaf=1,              min_samples_split=2, min_weight_fraction_leaf=0.0,              n_estimators=100, presort='auto', random_state=None,              subsample=1.0, verbose=0, warm_start=False)","{'max_depth': 5, 'n_estimators': 100, 'learning_rate': 0.1, 'subsample': 0.5}",0.829755271,0.442133333,0.3216,0.224
GB,"GradientBoostingClassifier(criterion='friedman_mse', init=None,              learning_rate=0.5, loss='deviance', max_depth=50,              max_features=None, max_leaf_nodes=None,              min_impurity_split=1e-07, min_samples_leaf=1,              min_samples_split=2, min_weight_fraction_leaf=0.0,              n_estimators=100, presort='auto', random_state=None,              subsample=1.0, verbose=0, warm_start=False)","{'max_depth': 5, 'n_estimators': 100, 'learning_rate': 0.1, 'subsample': 1.0}",0.830493708,0.442133333,0.323733333,0.224933333
GB,"GradientBoostingClassifier(criterion='friedman_mse', init=None,              learning_rate=0.5, loss='deviance', max_depth=50,              max_features=None, max_leaf_nodes=None,              min_impurity_split=1e-07, min_samples_leaf=1,              min_samples_split=2, min_weight_fraction_leaf=0.0,              n_estimators=100, presort='auto', random_state=None,              subsample=1.0, verbose=0, warm_start=False)","{'max_depth': 50, 'n_estimators': 10, 'learning_rate': 0.1, 'subsample': 0.1}",0.678591682,0.227733333,0.2008,0.1624
GB,"GradientBoostingClassifier(criterion='friedman_mse', init=None,              learning_rate=0.5, loss='deviance', max_depth=50,              max_features=None, max_leaf_nodes=None,              min_impurity_split=1e-07, min_samples_leaf=1,              min_samples_split=2, min_weight_fraction_leaf=0.0,              n_estimators=100, presort='auto', random_state=None,              subsample=1.0, verbose=0, warm_start=False)","{'max_depth': 50, 'n_estimators': 10, 'learning_rate': 0.1, 'subsample': 0.5}",0.708847736,0.303466667,0.2352,0.185866667
GB,"GradientBoostingClassifier(criterion='friedman_mse', init=None,              learning_rate=0.5, loss='deviance', max_depth=50,              max_features=None, max_leaf_nodes=None,              min_impurity_split=1e-07, min_samples_leaf=1,              min_samples_split=2, min_weight_fraction_leaf=0.0,              n_estimators=100, presort='auto', random_state=None,              subsample=1.0, verbose=0, warm_start=False)","{'max_depth': 50, 'n_estimators': 10, 'learning_rate': 0.1, 'subsample': 1.0}",0.639082359,0.241066667,0.229066667,0.122666667
GB,"GradientBoostingClassifier(criterion='friedman_mse', init=None,              learning_rate=0.5, loss='deviance', max_depth=50,              max_features=None, max_leaf_nodes=None,              min_impurity_split=1e-07, min_samples_leaf=1,              min_samples_split=2, min_weight_fraction_leaf=0.0,              n_estimators=100, presort='auto', random_state=None,              subsample=1.0, verbose=0, warm_start=False)","{'max_depth': 50, 'n_estimators': 100, 'learning_rate': 0.1, 'subsample': 0.1}",0.563014408,0.208533333,0.190933333,0.1416
GB,"GradientBoostingClassifier(criterion='friedman_mse', init=None,              learning_rate=0.5, loss='deviance', max_depth=50,              max_features=None, max_leaf_nodes=None,              min_impurity_split=1e-07, min_samples_leaf=1,              min_samples_split=2, min_weight_fraction_leaf=0.0,              n_estimators=100, presort='auto', random_state=None,              subsample=1.0, verbose=0, warm_start=False)","{'max_depth': 50, 'n_estimators': 100, 'learning_rate': 0.1, 'subsample': 0.5}",0.779319811,0.3664,0.2816,0.198266667
GB,"GradientBoostingClassifier(criterion='friedman_mse', init=None,              learning_rate=0.5, loss='deviance', max_depth=50,              max_features=None, max_leaf_nodes=None,              min_impurity_split=1e-07, min_samples_leaf=1,              min_samples_split=2, min_weight_fraction_leaf=0.0,              n_estimators=100, presort='auto', random_state=None,              subsample=1.0, verbose=0, warm_start=False)","{'max_depth': 50, 'n_estimators': 100, 'learning_rate': 0.1, 'subsample': 1.0}",0.787433489,0.2608,0.22,0.199733333
GB,"GradientBoostingClassifier(criterion='friedman_mse', init=None,              learning_rate=0.5, loss='deviance', max_depth=50,              max_features=None, max_leaf_nodes=None,              min_impurity_split=1e-07, min_samples_leaf=1,              min_samples_split=2, min_weight_fraction_leaf=0.0,              n_estimators=100, presort='auto', random_state=None,              subsample=1.0, verbose=0, warm_start=False)","{'max_depth': 5, 'n_estimators': 10, 'learning_rate': 0.5, 'subsample': 0.1}",0.790961357,0.408,0.2888,0.208
GB,"GradientBoostingClassifier(criterion='friedman_mse', init=None,              learning_rate=0.5, loss='deviance', max_depth=50,              max_features=None, max_leaf_nodes=None,              min_impurity_split=1e-07, min_samples_leaf=1,              min_samples_split=2, min_weight_fraction_leaf=0.0,              n_estimators=100, presort='auto', random_state=None,              subsample=1.0, verbose=0, warm_start=False)","{'max_depth': 5, 'n_estimators': 10, 'learning_rate': 0.5, 'subsample': 0.5}",0.826384235,0.431466667,0.316533333,0.223733333
GB,"GradientBoostingClassifier(criterion='friedman_mse', init=None,              learning_rate=0.5, loss='deviance', max_depth=50,              max_features=None, max_leaf_nodes=None,              min_impurity_split=1e-07, min_samples_leaf=1,              min_samples_split=2, min_weight_fraction_leaf=0.0,              n_estimators=100, presort='auto', random_state=None,              subsample=1.0, verbose=0, warm_start=False)","{'max_depth': 5, 'n_estimators': 10, 'learning_rate': 0.5, 'subsample': 1.0}",0.829852761,0.442666667,0.322666667,0.226533333
GB,"GradientBoostingClassifier(criterion='friedman_mse', init=None,              learning_rate=0.5, loss='deviance', max_depth=50,              max_features=None, max_leaf_nodes=None,              min_impurity_split=1e-07, min_samples_leaf=1,              min_samples_split=2, min_weight_fraction_leaf=0.0,              n_estimators=100, presort='auto', random_state=None,              subsample=1.0, verbose=0, warm_start=False)","{'max_depth': 5, 'n_estimators': 100, 'learning_rate': 0.5, 'subsample': 0.1}",0.751219454,0.357333333,0.2768,0.1988
GB,"GradientBoostingClassifier(criterion='friedman_mse', init=None,              learning_rate=0.5, loss='deviance', max_depth=50,              max_features=None, max_leaf_nodes=None,              min_impurity_split=1e-07, min_samples_leaf=1,              min_samples_split=2, min_weight_fraction_leaf=0.0,              n_estimators=100, presort='auto', random_state=None,              subsample=1.0, verbose=0, warm_start=False)","{'max_depth': 5, 'n_estimators': 100, 'learning_rate': 0.5, 'subsample': 0.5}",0.812715546,0.3936,0.302933333,0.214
GB,"GradientBoostingClassifier(criterion='friedman_mse', init=None,              learning_rate=0.5, loss='deviance', max_depth=50,              max_features=None, max_leaf_nodes=None,              min_impurity_split=1e-07, min_samples_leaf=1,              min_samples_split=2, min_weight_fraction_leaf=0.0,              n_estimators=100, presort='auto', random_state=None,              subsample=1.0, verbose=0, warm_start=False)","{'max_depth': 5, 'n_estimators': 100, 'learning_rate': 0.5, 'subsample': 1.0}",0.821735584,0.406933333,0.305333333,0.2192
GB,"GradientBoostingClassifier(criterion='friedman_mse', init=None,              learning_rate=0.5, loss='deviance', max_depth=50,              max_features=None, max_leaf_nodes=None,              min_impurity_split=1e-07, min_samples_leaf=1,              min_samples_split=2, min_weight_fraction_leaf=0.0,              n_estimators=100, presort='auto', random_state=None,              subsample=1.0, verbose=0, warm_start=False)","{'max_depth': 50, 'n_estimators': 10, 'learning_rate': 0.5, 'subsample': 0.1}",0.473717817,0.187733333,0.1344,0.109466667
GB,"GradientBoostingClassifier(criterion='friedman_mse', init=None,              learning_rate=0.5, loss='deviance', max_depth=50,              max_features=None, max_leaf_nodes=None,              min_impurity_split=1e-07, min_samples_leaf=1,              min_samples_split=2, min_weight_fraction_leaf=0.0,              n_estimators=100, presort='auto', random_state=None,              subsample=1.0, verbose=0, warm_start=False)","{'max_depth': 50, 'n_estimators': 10, 'learning_rate': 0.5, 'subsample': 0.5}",0.59554135,0.218133333,0.1912,0.1532
GB,"GradientBoostingClassifier(criterion='friedman_mse', init=None,              learning_rate=0.5, loss='deviance', max_depth=50,              max_features=None, max_leaf_nodes=None,              min_impurity_split=1e-07, min_samples_leaf=1,              min_samples_split=2, min_weight_fraction_leaf=0.0,              n_estimators=100, presort='auto', random_state=None,              subsample=1.0, verbose=0, warm_start=False)","{'max_depth': 50, 'n_estimators': 10, 'learning_rate': 0.5, 'subsample': 1.0}",0.563044787,0.294933333,0.209066667,0.1492
GB,"GradientBoostingClassifier(criterion='friedman_mse', init=None,              learning_rate=0.5, loss='deviance', max_depth=50,              max_features=None, max_leaf_nodes=None,              min_impurity_split=1e-07, min_samples_leaf=1,              min_samples_split=2, min_weight_fraction_leaf=0.0,              n_estimators=100, presort='auto', random_state=None,              subsample=1.0, verbose=0, warm_start=False)","{'max_depth': 50, 'n_estimators': 100, 'learning_rate': 0.5, 'subsample': 0.1}",0.506111685,0.2864,0.1432,0.1196
GB,"GradientBoostingClassifier(criterion='friedman_mse', init=None,              learning_rate=0.5, loss='deviance', max_depth=50,              max_features=None, max_leaf_nodes=None,              min_impurity_split=1e-07, min_samples_leaf=1,              min_samples_split=2, min_weight_fraction_leaf=0.0,              n_estimators=100, presort='auto', random_state=None,              subsample=1.0, verbose=0, warm_start=False)","{'max_depth': 50, 'n_estimators': 100, 'learning_rate': 0.5, 'subsample': 0.5}",0.593625923,0.2464,0.1992,0.149733333
GB,"GradientBoostingClassifier(criterion='friedman_mse', init=None,              learning_rate=0.5, loss='deviance', max_depth=50,              max_features=None, max_leaf_nodes=None,              min_impurity_split=1e-07, min_samples_leaf=1,              min_samples_split=2, min_weight_fraction_leaf=0.0,              n_estimators=100, presort='auto', random_state=None,              subsample=1.0, verbose=0, warm_start=False)","{'max_depth': 50, 'n_estimators': 100, 'learning_rate': 0.5, 'subsample': 1.0}",0.766108633,0.310933333,0.211466667,0.1868
LR,"LogisticRegression(C=10, class_weight=None, dual=False, fit_intercept=True,          intercept_scaling=1, max_iter=100, multi_class='ovr', n_jobs=1,          penalty='l2', random_state=None, solver='liblinear', tol=0.0001,          verbose=0, warm_start=False)","{'C': 1e-05, 'penalty': 'l1'}",0.462976959,0.0576,0.0488,0.0576
LR,"LogisticRegression(C=10, class_weight=None, dual=False, fit_intercept=True,          intercept_scaling=1, max_iter=100, multi_class='ovr', n_jobs=1,          penalty='l2', random_state=None, solver='liblinear', tol=0.0001,          verbose=0, warm_start=False)","{'C': 1e-05, 'penalty': 'l2'}",0.577687929,0.0944,0.0976,0.097333333
LR,"LogisticRegression(C=10, class_weight=None, dual=False, fit_intercept=True,          intercept_scaling=1, max_iter=100, multi_class='ovr', n_jobs=1,          penalty='l2', random_state=None, solver='liblinear', tol=0.0001,          verbose=0, warm_start=False)","{'C': 0.001, 'penalty': 'l1'}",0.642398203,0.122133333,0.117866667,0.110666667
LR,"LogisticRegression(C=10, class_weight=None, dual=False, fit_intercept=True,          intercept_scaling=1, max_iter=100, multi_class='ovr', n_jobs=1,          penalty='l2', random_state=None, solver='liblinear', tol=0.0001,          verbose=0, warm_start=False)","{'C': 0.001, 'penalty': 'l2'}",0.577687929,0.0944,0.0976,0.097333333
LR,"LogisticRegression(C=10, class_weight=None, dual=False, fit_intercept=True,          intercept_scaling=1, max_iter=100, multi_class='ovr', n_jobs=1,          penalty='l2', random_state=None, solver='liblinear', tol=0.0001,          verbose=0, warm_start=False)","{'C': 0.1, 'penalty': 'l1'}",0.650362614,0.147733333,0.1312,0.114
LR,"LogisticRegression(C=10, class_weight=None, dual=False, fit_intercept=True,          intercept_scaling=1, max_iter=100, multi_class='ovr', n_jobs=1,          penalty='l2', random_state=None, solver='liblinear', tol=0.0001,          verbose=0, warm_start=False)","{'C': 0.1, 'penalty': 'l2'}",0.577687929,0.0944,0.0976,0.097333333
LR,"LogisticRegression(C=10, class_weight=None, dual=False, fit_intercept=True,          intercept_scaling=1, max_iter=100, multi_class='ovr', n_jobs=1,          penalty='l2', random_state=None, solver='liblinear', tol=0.0001,          verbose=0, warm_start=False)","{'C': 1, 'penalty': 'l1'}",0.648516768,0.136,0.125333333,0.114
LR,"LogisticRegression(C=10, class_weight=None, dual=False, fit_intercept=True,          intercept_scaling=1, max_iter=100, multi_class='ovr', n_jobs=1,          penalty='l2', random_state=None, solver='liblinear', tol=0.0001,          verbose=0, warm_start=False)","{'C': 1, 'penalty': 'l2'}",0.577687929,0.0944,0.0976,0.097333333
LR,"LogisticRegression(C=10, class_weight=None, dual=False, fit_intercept=True,          intercept_scaling=1, max_iter=100, multi_class='ovr', n_jobs=1,          penalty='l2', random_state=None, solver='liblinear', tol=0.0001,          verbose=0, warm_start=False)","{'C': 10, 'penalty': 'l1'}",0.649808693,0.145066667,0.1296,0.1136
LR,"LogisticRegression(C=10, class_weight=None, dual=False, fit_intercept=True,          intercept_scaling=1, max_iter=100, multi_class='ovr', n_jobs=1,          penalty='l2', random_state=None, solver='liblinear', tol=0.0001,          verbose=0, warm_start=False)","{'C': 10, 'penalty': 'l2'}",0.577687929,0.0944,0.0976,0.097333333
NB,GaussianNB(priors=None),{},0.653331462,0.192533333,0.1488,0.120666667